"ï»¿""Data""",Hora (UTC),Temp. Ins. (C),Temp. Max. (C),Temp. Min. (C),Umi. Ins. (%),Umi. Max. (%),Umi. Min. (%),Pto Orvalho Ins. (C),Pto Orvalho Max. (C),Pto Orvalho Min. (C),Pressao Ins. (hPa),Pressao Max. (hPa),Pressao Min. (hPa),Vel. Vento (m/s),Dir. Vento (m/s),Raj. Vento (m/s),Radiacao (KJ/mÂ²),Chuva (mm)
01/09/2025,0,"22,6","23,2","22,6","97,0","97,0","91,0","22,1","22,3","21,6","1010,6","1010,6","1010,1","0,6","310,0","1,4",,"0,0"
01/09/2025,100,"22,7","22,7","22,4","99,0","100,0","97,0","22,5","22,5","22,0","1010,6","1010,7","1010,5","0,7","260,0","2,0",,"0,0"
01/09/2025,200,"22,8","22,9","22,6","99,0","100,0","99,0","22,7","22,8","22,4","1010,4","1010,7","1010,4","0,7","163,0","3,3",,"0,2"
01/09/2025,300,"22,1","22,8","22,0","100,0","100,0","99,0","22,1","22,7","22,0","1009,9","1010,4","1009,9","0,4","315,0","2,5",,"0,0"
01/09/2025,400,"21,8","22,1","21,8","100,0","100,0","100,0","21,8","22,1","21,8","1009,5","1009,9","1009,4","0,8","9,0","1,2",,"0,0"
01/09/2025,500,"21,3","21,8","21,2","100,0","100,0","100,0","21,3","21,7","21,2","1009,0","1009,4","1009,0","0,8","298,0","1,3",,"0,2"
01/09/2025,600,"21,2","21,4","21,0",,,,,,,"1008,8","1009,0","1008,7","0,5","272,0","1,3",,"0,0"
01/09/2025,700,"20,8","21,2","20,7",,,,,,,"1008,9","1008,9","1008,7","1,0","261,0","1,6",,"0,0"
01/09/2025,800,"20,6","20,8","20,6",,,,,,,"1009,2","1009,2","1008,8","0,8","273,0","1,8",,"0,0"
01/09/2025,900,"21,1","21,1","20,2",,,,,,,"1009,4","1009,5","1009,2","0,9","266,0","2,0","125,60","0,0"
01/09/2025,1000,"23,9","23,9","21,1","97,0",,,"23,4",,,"1010,1","1010,1","1009,4","0,4","236,0","1,8","710,70","0,0"
01/09/2025,1100,"26,3","26,4","23,8","79,0","97,0","79,0","22,3","23,8","22,0","1010,6","1010,6","1010,1","3,1","104,0","5,3","1074,70","0,0"
01/09/2025,1200,"27,5","27,5","25,7","73,0","80,0","71,0","22,2","22,6","21,1","1010,7","1010,7","1010,6","3,7","99,0","6,9","2150,60","0,0"
01/09/2025,1300,"27,4","27,8","26,2","75,0","77,0","70,0","22,5","22,5","21,0","1010,6","1010,9","1010,6","3,3","95,0","7,5","2269,20","0,0"
01/09/2025,1400,"27,1","28,5","26,7","72,0","75,0","68,0","21,6","22,8","21,0","1010,2","1010,7","1010,2","3,5","100,0","6,7","2921,90","0,0"
01/09/2025,1500,"27,3","28,3","26,6","69,0","75,0","64,0","21,1","22,4","20,2","1009,7","1010,3","1009,7","3,8","106,0","7,4","2754,60","0,0"
01/09/2025,1600,"23,4","27,8","23,4","90,0","90,0","67,0","21,6","23,5","20,6","1009,4","1009,7","1009,1","5,0","132,0","10,8","1371,90","0,2"
01/09/2025,1700,"24,6","24,8","22,0","90,0","100,0","89,0","22,9","23,6","21,4","1008,9","1009,6","1008,9","1,9","78,0","10,8","1190,70","0,6"
01/09/2025,1800,"26,0","26,3","24,6","77,0","90,0","76,0","21,7","23,3","21,2","1008,8","1008,9","1008,7","3,7","109,0","6,9","1362,70","0,0"
01/09/2025,1900,"25,2","26,3","25,1","83,0","83,0","77,0","22,1","22,2","21,5","1008,9","1008,9","1008,8","2,7","87,0","6,6","516,20","0,0"
01/09/2025,2000,"24,5","25,3","24,4","89,0","89,0","83,0","22,6","22,6","21,9","1008,9","1009,0","1008,8","1,5","126,0","4,3","116,80","0,0"
01/09/2025,2100,"23,8","24,6","23,5","91,0","95,0","88,0","22,2","22,9","22,1","1009,3","1009,3","1008,9","2,4","129,0","5,6","2,40","0,0"
01/09/2025,2200,"23,1","23,9","22,7","97,0","97,0","90,0","22,5","22,6","21,7","1009,7","1009,7","1009,3","2,3","125,0","8,4",,"0,4"
01/09/2025,2300,"23,4","23,5","23,0","91,0","97,0","91,0","21,9","22,5","21,6","1010,0","1010,0","1009,6","2,7","124,0","7,0",,"0,0"
02/09/2025,0,"22,7","23,9","22,4","91,0","92,0","86,0","21,1","21,9","20,8","1010,2","1010,4","1010,0","3,5","140,0","9,2",,"0,6"
02/09/2025,100,"23,4","23,4","22,4","90,0","94,0","90,0","21,7","21,8","21,1","1010,5","1010,5","1010,2","1,8","139,0","7,4","1,70","0,0"
02/09/2025,200,"22,9","23,7","22,9","89,0","90,0","87,0","21,1","21,7","21,0","1010,3","1010,6","1010,3","1,8","156,0","7,1","1,70","0,0"
02/09/2025,300,"23,1","23,1","22,3","93,0","96,0","89,0","21,9","21,9","21,1","1009,6","1010,3","1009,6","2,3","163,0","5,8",,"0,0"
02/09/2025,400,"21,7","23,1","21,4","98,0","98,0","93,0","21,3","21,9","20,9","1009,5","1009,7","1009,4","3,2","132,0","8,4",,"1,4"
02/09/2025,500,"22,1","22,1","21,4","99,0","100,0","98,0","21,9","21,9","21,0","1008,8","1009,5","1008,8","1,2","128,0","7,6",,"0,2"
02/09/2025,600,"23,1","23,3","22,1","92,0","99,0","91,0","21,7","22,0","21,6","1008,8","1008,8","1008,6","2,4","135,0","6,0","3,50","0,4"
02/09/2025,700,"21,8","23,1","21,7","96,0","97,0","92,0","21,1","21,5","21,0","1009,0","1009,1","1008,7","2,7","130,0","7,8",,"3,0"
02/09/2025,800,"22,2","22,2","21,7","97,0","97,0","96,0","21,7","21,7","21,1","1009,3","1009,3","1009,0","1,3","134,0","5,7",,"0,0"
02/09/2025,900,"23,5","23,5","22,2","89,0","97,0","89,0","21,5","21,7","21,2","1009,9","1009,9","1009,3","1,9","123,0","4,5","85,40","0,0"
02/09/2025,1000,"24,9","25,0","23,2","79,0","90,0","79,0","21,1","21,7","21,1","1010,5","1010,5","1009,9","4,2","114,0","8,0","740,90","0,0"
02/09/2025,1100,"26,1","26,2","24,7","75,0","85,0","74,0","21,3","22,4","21,2","1010,9","1010,9","1010,5","3,8","118,0","8,9","1640,90","0,0"
02/09/2025,1200,"24,6","26,2","24,2","84,0","90,0","74,0","21,8","22,6","20,9","1011,3","1011,3","1010,9","3,2","138,0","10,1","1505,20","0,0"
02/09/2025,1300,"25,9","26,3","24,6","79,0","86,0","76,0","22,0","22,5","21,2","1011,2","1011,4","1011,1","4,5","117,0","10,4","2155,40","0,0"
02/09/2025,1400,"26,3","27,1","25,9","70,0","79,0","69,0","20,4","22,4","20,4","1010,6","1011,3","1010,6","5,0","132,0","10,4","2705,60","0,2"
02/09/2025,1500,"27,0","27,9","25,5","74,0","76,0","67,0","22,1","22,2","20,4","1009,8","1010,6","1009,8","4,4","138,0","10,8","2789,90","0,0"
02/09/2025,1600,"26,3","27,0","24,2","74,0","89,0","73,0","21,3","23,1","21,0","1009,0","1009,8","1009,0","5,1","124,0","10,7","1661,30","0,0"
02/09/2025,1700,"26,1","27,0","25,3","70,0","80,0","68,0","20,2","21,8","20,0","1008,8","1009,0","1008,7","5,0","113,0","10,7","1721,50","0,0"
02/09/2025,1800,"25,3","26,7","25,0","76,0","77,0","70,0","20,7","21,3","19,9","1008,5","1008,8","1008,5","4,9","125,0","10,6","1440,70","0,0"
02/09/2025,1900,"25,0","26,1","25,0","75,0","76,0","71,0","20,3","20,9","19,7","1008,9","1008,9","1008,5","3,7","145,0","9,3","420,10","0,0"
02/09/2025,2000,"24,8","25,3","24,8","76,0","77,0","73,0","20,3","20,5","20,0","1009,0","1009,1","1008,9","2,3","141,0","8,3","181,80","0,0"
02/09/2025,2100,"24,0","24,9","22,9","83,0","89,0","76,0","20,9","21,2","19,4","1009,3","1009,3","1009,0","2,0","139,0","9,6","11,60","0,0"
02/09/2025,2200,"23,2","24,3","23,1","89,0","90,0","80,0","21,4","21,5","20,5","1009,8","1009,9","1009,3","2,8","136,0","7,5",,"0,4"
02/09/2025,2300,"23,2","23,7","23,0","88,0","91,0","85,0","21,1","21,6","20,8","1010,2","1010,2","1009,8","2,8","130,0","7,4",,"0,2"
03/09/2025,0,"23,5","23,8","22,9","84,0","91,0","84,0","20,7","21,4","20,6","1010,2","1010,3","1010,1","2,2","129,0","7,4",,"0,0"
03/09/2025,100,"23,8","24,1","23,5","83,0","85,0","82,0","20,8","21,0","20,7","1010,3","1010,3","1010,2","2,4","130,0","6,2",,"0,0"
03/09/2025,200,"23,2","23,8","22,6","90,0","95,0","83,0","21,5","21,8","20,8","1009,7","1010,3","1009,7","2,0","141,0","7,4",,"0,6"
03/09/2025,300,"22,9","23,7","22,9","89,0","90,0","87,0","21,1","21,5","20,9","1009,1","1009,7","1009,1","2,3","124,0","6,7",,"0,2"
03/09/2025,400,"22,4","23,1","22,3","96,0","97,0","89,0","21,8","22,0","21,1","1008,3","1009,1","1008,3","1,5","116,0","5,6",,"0,8"
03/09/2025,500,"22,5","22,7","22,4","95,0","96,0","91,0","21,8","21,8","21,1","1007,9","1008,3","1007,9","2,0","108,0","7,5","0,20","0,8"
03/09/2025,600,"22,6","22,9","22,5","92,0","95,0","92,0","21,3","21,8","21,2","1007,7","1008,0","1007,7","3,8","107,0","6,8",,"0,0"
03/09/2025,700,"23,0","23,3","22,6","89,0","92,0","89,0","21,1","21,4","21,1","1007,7","1007,7","1007,6","2,7","119,0","6,7","0,40","0,0"
03/09/2025,800,"22,2","23,1","22,2","94,0","94,0","88,0","21,2","21,4","20,9","1008,3","1008,3","1007,7","5,9","95,0","9,2",,"0,0"
03/09/2025,900,"21,5","22,2","21,4","98,0","98,0","93,0","21,1","21,2","20,7","1008,7","1008,8","1008,2","1,1","158,0","9,2","32,40","0,2"
03/09/2025,1000,"22,0","22,1","21,3","100,0","100,0","98,0","22,0","22,0","21,1","1009,3","1009,3","1008,6","3,9","89,0","7,7","154,30","2,8"
03/09/2025,1100,"25,5","25,5","21,8","80,0","100,0","79,0","21,7","22,7","21,4","1010,1","1010,1","1009,3","3,8","113,0","9,1","1156,90","2,2"
03/09/2025,1200,"25,8","25,9","24,8","76,0","80,0","74,0","21,1","21,8","20,5","1010,6","1010,7","1010,0","5,1","127,0","10,2","1986,20","0,0"
03/09/2025,1300,"26,1","27,2","25,8","75,0","76,0","70,0","21,3","22,4","20,6","1010,5","1010,8","1010,5","4,6","115,0","9,8","2732,70","0,0"
03/09/2025,1400,"27,0","27,5","25,8","73,0","78,0","70,0","21,6","22,6","20,7","1010,0","1010,5","1010,0","5,3","110,0","8,8","2950,70","0,0"
03/09/2025,1500,"27,2","27,5","26,6","66,0","73,0","64,0","20,3","21,5","19,6","1009,2","1010,0","1009,2","3,5","125,0","8,8","3184,80","0,0"
03/09/2025,1600,"27,0","27,8","26,1","68,0","73,0","65,0","20,5","21,6","19,7","1008,7","1009,2","1008,6","3,8","124,0","8,8","3012,50","0,0"
03/09/2025,1700,"26,8","27,7","26,1","63,0","70,0","62,0","19,1","21,0","18,9","1008,3","1008,7","1008,3","3,7","129,0","8,0","2462,00","0,0"
03/09/2025,1800,"26,1","27,2","25,9","65,0","67,0","60,0","19,0","20,2","18,6","1008,4","1008,4","1008,2","4,2","111,0","7,8","2005,50","0,0"
03/09/2025,1900,"25,1","26,2","25,1","70,0","72,0","65,0","19,2","20,1","18,9","1008,4","1008,4","1008,2","3,4","121,0","6,7","461,00","0,0"
03/09/2025,2000,"24,5","25,2","24,5","73,0","74,0","69,0","19,4","19,5","18,9","1008,5","1008,6","1008,4","2,5","131,0","6,4","122,10","0,0"
03/09/2025,2100,"24,1","24,5","24,0","76,0","77,0","73,0","19,7","19,8","19,4","1008,9","1008,9","1008,5","1,9","121,0","5,7","2,70","0,0"
03/09/2025,2200,"23,8","24,1","23,8","79,0","79,0","76,0","20,0","20,0","19,6","1009,1","1009,1","1008,8","1,0","123,0","4,3",,"0,0"
03/09/2025,2300,"24,3","24,4","23,8","77,0","79,0","75,0","19,9","20,0","19,6","1009,6","1009,6","1009,1","1,7","115,0","3,7",,"0,0"
04/09/2025,0,"24,2","24,4","24,0","78,0","79,0","76,0","20,2","20,2","19,8","1009,9","1009,9","1009,5","1,4","105,0","3,7",,"0,0"
04/09/2025,100,"24,3","24,4","24,0","79,0","80,0","78,0","20,5","20,5","20,1","1010,2","1010,2","1009,9","1,7","106,0","3,3",,"0,0"
04/09/2025,200,"24,4","24,7","24,3","75,0","79,0","74,0","19,7","20,5","19,7","1009,8","1010,2","1009,8","2,5","98,0","5,0",,"0,0"
04/09/2025,300,"24,1","24,6","24,1","77,0","79,0","74,0","19,9","20,2","19,5","1009,1","1009,8","1009,1","2,4","105,0","5,1",,"0,0"
04/09/2025,400,"23,9","24,2","23,7","81,0","82,0","77,0","20,5","20,6","19,9","1008,3","1009,1","1008,3","2,3","103,0","4,6",,"0,0"
04/09/2025,500,"22,9","24,0","22,8","93,0","94,0","81,0","21,7","22,3","20,4","1008,3","1008,4","1008,2","4,3","99,0","8,6",,"0,2"
04/09/2025,600,"21,7","22,9","21,7","96,0","96,0","88,0","21,1","21,7","20,6","1008,1","1008,3","1008,1","3,3","100,0","8,6",,"0,0"
04/09/2025,700,"21,7","21,7","21,5","100,0","100,0","96,0","21,7","21,7","21,1","1008,1","1008,4","1008,0","1,2","109,0","8,6",,"3,8"
04/09/2025,800,"21,9","21,9","21,6","100,0","100,0","100,0","21,9","21,9","21,6","1008,1","1008,3","1008,0","3,0","117,0","9,0",,"5,0"
04/09/2025,900,"21,8","22,7","21,7","100,0","100,0","98,0","21,8","22,4","21,7","1009,0","1009,1","1008,1","5,6","100,0","12,4","41,60","2,6"
04/09/2025,1000,"21,7","22,1","21,6","100,0","100,0","100,0","21,7","22,1","21,6","1009,8","1009,8","1008,9","4,4","114,0","11,0","288,30","1,4"
04/09/2025,1100,"24,4","24,4","21,5","88,0","100,0","88,0","22,4","22,8","21,4","1010,2","1010,2","1009,6","4,3","117,0","9,0","650,90","0,4"
04/09/2025,1200,"25,4","25,9","24,3","84,0","89,0","81,0","22,4","23,2","22,0","1010,5","1010,6","1010,2","4,3","126,0","9,1","1537,90","0,0"
04/09/2025,1300,"23,6","26,9","23,5","92,0","92,0","76,0","22,2","23,1","21,6","1010,5","1010,6","1010,1","5,7","118,0","10,4","1911,50","0,8"
04/09/2025,1400,"24,6","24,6","22,4","91,0","100,0","91,0","23,1","24,2","22,0","1009,9","1010,6","1009,9","3,8","124,0","10,8","1243,80","2,2"
04/09/2025,1500,"26,4","27,0","24,6","78,0","92,0","76,0","22,3","23,7","21,9","1009,2","1009,9","1009,2","3,8","137,0","11,8","2680,40","0,0"
04/09/2025,1600,"25,3","26,6","24,5","90,0","90,0","76,0","23,5","23,5","21,6","1008,3","1009,2","1008,3","4,0","144,0","10,6","1758,60","0,2"
04/09/2025,1700,"25,4","26,4","24,8","83,0","90,0","78,0","22,3","23,4","21,7","1007,7","1008,3","1007,6","3,4","146,0","9,3","1757,60","0,2"
04/09/2025,1800,"25,4","25,8","24,8","80,0","86,0","80,0","21,7","22,6","21,7","1007,5","1007,8","1007,3","4,0","148,0","9,2","829,80","0,0"
04/09/2025,1900,"24,9","25,5","24,9","83,0","83,0","78,0","21,9","22,1","21,5","1007,7","1007,7","1007,4","3,8","149,0","9,7","488,30","0,0"
04/09/2025,2000,"24,7","24,9","24,4","83,0","86,0","83,0","21,6","22,1","21,4","1007,8","1007,8","1007,6","4,0","152,0","9,4","162,00","0,0"
04/09/2025,2100,"23,7","24,7","23,7","88,0","88,0","83,0","21,5","21,8","21,5","1008,1","1008,1","1007,8","4,3","148,0","9,4","2,20","0,4"
04/09/2025,2200,"23,1","23,6","23,0","93,0","95,0","88,0","22,0","22,4","21,6","1008,6","1008,7","1008,1","3,9","149,0","9,3","0,10","0,2"
04/09/2025,2300,"23,0","23,1","22,7","98,0","98,0","93,0","22,6","22,6","21,9","1009,0","1009,0","1008,6","2,2","128,0","8,9",,"0,6"
05/09/2025,0,"22,4","23,3","22,2","100,0","100,0","94,0","22,4","22,6","22,2","1009,3","1009,4","1008,9","2,6","129,0","6,7","0,60","4,4"
05/09/2025,100,"22,2","22,8","21,8","100,0","100,0","99,0","22,2","22,8","21,8","1009,2","1009,6","1009,2","1,9","148,0","10,3",,"1,4"
05/09/2025,200,"22,3","22,5","22,1","100,0","100,0","100,0","22,3","22,5","22,1","1008,9","1009,5","1008,9","2,1","152,0","9,5",,"2,0"
05/09/2025,300,"22,1","22,4","22,0","100,0","100,0","100,0","22,1","22,4","22,0","1008,6","1008,9","1008,6","3,3","116,0","8,8",,"1,8"
05/09/2025,400,"22,6","22,6","22,1","100,0","100,0","100,0","22,6","22,6","22,1","1007,8","1008,6","1007,8","1,9","152,0","5,7",,"0,4"
05/09/2025,500,"22,3","23,0","22,3","100,0","100,0","99,0","22,3","22,8","22,3","1007,5","1007,9","1007,5","2,2","149,0","6,6","1,10","0,4"
05/09/2025,600,"22,5","22,7","22,3","100,0","100,0","100,0","22,5","22,7","22,3","1007,3","1007,6","1007,3","1,4","129,0","6,2",,"2,2"
05/09/2025,700,"22,4","22,8","22,3","100,0","100,0","100,0","22,4","22,8","22,3","1007,4","1007,4","1007,1","2,9","132,0","12,1",,"1,6"
05/09/2025,800,"22,9","22,9","22,3","100,0","100,0","100,0","22,8","22,8","22,3","1007,6","1007,7","1007,4","2,2","143,0","6,5",,"0,0"
05/09/2025,900,"22,4","23,0","22,2","100,0","100,0","99,0","22,4","22,8","22,2","1008,2","1008,2","1007,6","2,4","133,0","9,6","58,30","3,0"
05/09/2025,1000,"23,5","23,8","22,5","95,0","100,0","93,0","22,7","23,1","22,5","1008,8","1008,8","1008,2","2,9","124,0","7,7","314,70","0,0"
05/09/2025,1100,"23,8","24,1","23,1","98,0","98,0","94,0","23,5","23,5","22,6","1009,5","1009,5","1008,8","3,1","129,0","8,2","1107,30","0,6"
05/09/2025,1200,"23,7","25,3","23,2","100,0","100,0","88,0","23,6","23,7","22,6","1009,9","1010,0","1009,5","3,9","112,0","8,0","1394,10","1,6"
05/09/2025,1300,"25,5","26,5","23,6","89,0","100,0","84,0","23,5","24,6","23,0","1009,5","1009,9","1009,5","3,9","142,0","8,7","2045,30","0,0"
05/09/2025,1400,"25,1","26,9","25,1","89,0","90,0","80,0","23,1","24,1","22,5","1009,2","1009,5","1009,1","4,7","134,0","9,1","2191,50","0,2"
05/09/2025,1500,"25,4","26,6","24,0","93,0","96,0","83,0","24,1","24,6","22,4","1008,1","1009,2","1008,1","3,5","127,0","9,7","2077,00","1,2"
05/09/2025,1600,"25,9","26,6","25,3","84,0","93,0","79,0","23,0","24,3","22,5","1007,3","1008,1","1007,3","5,4","125,0","10,0","1998,20","0,0"
05/09/2025,1700,"26,2","26,7","25,8","83,0","85,0","79,0","23,0","23,4","22,3","1006,8","1007,3","1006,7","3,6","119,0","10,0","1498,60","0,0"
05/09/2025,1800,"26,0","26,3","25,6","85,0","85,0","80,0","23,2","23,2","22,1","1006,7","1006,8","1006,6","4,0","128,0","10,4","1043,30","0,0"
05/09/2025,1900,"25,4","26,1","25,4","84,0","86,0","83,0","22,5","23,1","22,4","1006,8","1006,8","1006,6","4,2","131,0","8,7","515,70","0,0"
05/09/2025,2000,"25,0","25,6","25,0","86,0","87,0","84,0","22,4","22,9","22,4","1007,1","1007,1","1006,8","3,0","127,0","8,3","192,80","0,0"
05/09/2025,2100,"23,7","25,0","23,5","96,0","96,0","86,0","23,0","23,0","22,4","1007,4","1007,4","1007,1","1,9","129,0","7,1","2,90","0,4"
05/09/2025,2200,"24,1","24,1","23,7","91,0","96,0","90,0","22,6","23,0","22,2","1007,8","1007,8","1007,4","2,0","128,0","6,0",,"0,0"
05/09/2025,2300,"24,2","24,3","23,9","90,0","92,0","90,0","22,5","22,7","22,4","1008,4","1008,4","1007,8","1,6","130,0","4,5",,"0,0"
06/09/2025,0,"23,9","24,3","23,9","91,0","91,0","90,0","22,4","22,5","22,4","1008,5","1008,6","1008,4","1,6","130,0","4,2",,"0,0"
06/09/2025,100,"23,1","24,1","23,0","93,0","94,0","89,0","22,0","22,8","21,3","1008,5","1008,6","1008,4","1,9","115,0","8,0",,"0,2"
06/09/2025,200,"23,4","23,5","23,1","93,0","96,0","93,0","22,3","22,7","22,1","1008,2","1008,5","1008,2","2,2","103,0","4,6",,"0,0"
06/09/2025,300,"23,5","23,7","23,4","91,0","93,0","90,0","22,0","22,2","21,7","1007,7","1008,2","1007,7","2,0","117,0","5,1",,"0,0"
06/09/2025,400,"23,4","23,8","23,4","90,0","92,0","89,0","21,7","22,1","21,5","1007,2","1007,7","1007,2","1,7","121,0","5,7",,"0,0"
06/09/2025,500,"23,3","23,5","23,3","93,0","93,0","90,0","22,1","22,1","21,6","1007,0","1007,2","1007,0","1,4","121,0","4,2",,"0,0"
06/09/2025,600,"23,3","23,4","23,1","91,0","93,0","91,0","21,8","22,2","21,7","1007,0","1007,1","1007,0","1,5","126,0","4,5",,"0,0"
06/09/2025,700,"22,6","23,3","22,6","97,0","97,0","91,0","22,1","22,2","21,8","1006,9","1007,1","1006,9","0,8","94,0","3,2",,"0,0"
06/09/2025,800,"22,0","22,6","21,8","100,0","100,0","97,0","22,0","22,3","21,8","1007,2","1007,2","1006,9","0,7","122,0","4,3",,"3,2"
06/09/2025,900,"22,7","22,7","22,0","100,0","100,0","99,0","22,7","22,7","22,0","1008,0","1008,0","1007,2","1,0","101,0","4,3","64,80","0,4"
06/09/2025,1000,"25,1","25,1","22,7","86,0","100,0","86,0","22,7","23,2","22,4","1008,5","1008,5","1008,0","3,0","115,0","5,4","689,90","0,0"
06/09/2025,1100,"25,3","26,1","24,8","83,0","87,0","81,0","22,1","23,1","22,0","1009,1","1009,2","1008,5","4,8","102,0","8,1","1347,90","0,0"
06/09/2025,1200,"27,4","27,4","25,3","78,0","84,0","74,0","23,3","23,3","21,4","1009,3","1009,3","1009,1","3,2","110,0","8,1","2279,90","0,0"
06/09/2025,1300,"26,2","27,5","25,8","79,0","81,0","74,0","22,3","23,1","21,4","1009,1","1009,4","1009,1","4,7","114,0","8,5","2114,40","0,0"
06/09/2025,1400,"26,8","27,8","26,1","76,0","84,0","73,0","22,1","23,5","21,8","1008,6","1009,2","1008,6","5,2","106,0","8,9","3062,70","0,0"
06/09/2025,1500,"27,2","28,0","26,4","74,0","78,0","71,0","22,2","22,8","21,1","1007,9","1008,6","1007,9","4,6","109,0","8,4","2717,20","0,0"
06/09/2025,1600,"26,6","27,5","26,4","75,0","77,0","71,0","21,9","22,7","20,8","1007,3","1007,9","1007,2","4,7","115,0","8,4","2441,70","0,0"
06/09/2025,1700,"25,3","27,0","23,6","82,0","93,0","74,0","22,0","22,7","21,6","1007,0","1007,3","1007,0","3,0","112,0","9,8","1359,30","0,0"
06/09/2025,1800,"24,7","26,7","24,7","85,0","85,0","76,0","21,9","22,6","21,8","1007,0","1007,0","1006,7","4,3","159,0","8,0","1207,60","0,0"
06/09/2025,1900,"25,0","25,8","24,4","88,0","90,0","82,0","22,9","23,2","22,0","1007,1","1007,2","1007,0","2,4","159,0","8,0","428,00","0,0"
06/09/2025,2000,"22,5","25,2","22,4","96,0","96,0","83,0","21,8","23,1","21,7","1007,4","1007,5","1007,1","3,8","159,0","7,9","108,50","1,0"
06/09/2025,2100,"23,1","23,1","22,5","95,0","98,0","95,0","22,2","22,5","21,9","1007,7","1007,7","1007,4","2,4","114,0","6,9","2,20","0,2"
06/09/2025,2200,"23,2","23,3","22,9","94,0","97,0","93,0","22,1","22,5","22,1","1008,4","1008,4","1007,7","2,4","117,0","6,5",,"0,0"
06/09/2025,2300,"23,7","23,8","23,2","85,0","94,0","84,0","21,0","22,1","20,9","1009,1","1009,1","1008,4","1,8","141,0","6,3","3,90","0,0"
07/09/2025,0,"22,6","23,9","22,5","94,0","96,0","85,0","21,6","22,0","21,0","1009,7","1009,8","1009,1","2,0","142,0","7,8",,"0,2"
07/09/2025,100,"23,8","23,8","22,5","89,0","96,0","89,0","21,9","22,3","21,4","1009,8","1010,0","1009,7","2,4","128,0","5,8",,"0,0"
07/09/2025,200,"23,9","24,1","23,8","89,0","89,0","87,0","22,0","22,0","21,8","1009,7","1009,9","1009,7","2,5","111,0","6,7",,"0,0"
07/09/2025,300,"23,2","23,9","23,0","92,0","94,0","89,0","21,8","22,1","21,8","1009,2","1009,7","1009,2","2,1","134,0","7,8",,"0,6"
07/09/2025,400,"23,3","23,3","23,0","89,0","93,0","89,0","21,4","21,9","21,4","1008,6","1009,2","1008,6","2,2","143,0","5,5","0,80","0,0"
07/09/2025,500,"23,0","23,3","22,9","88,0","90,0","88,0","20,9","21,5","20,9","1008,4","1008,6","1008,3","2,1","134,0","5,5",,"0,0"
07/09/2025,600,"22,4","23,0","22,4","89,0","89,0","87,0","20,6","20,9","20,6","1008,2","1008,4","1008,1","1,3","151,0","3,8",,"0,0"
07/09/2025,700,"21,0","22,4","21,0","97,0","97,0","89,0","20,5","20,6","20,4","1008,2","1008,3","1008,1","0,8","166,0","2,6",,"0,0"
07/09/2025,800,"20,3","21,0","20,3","100,0","100,0","97,0","20,3","20,6","20,3","1008,7","1008,7","1008,2","0,5","268,0","2,0",,"0,0"
07/09/2025,900,"21,3","21,3","20,2","100,0","100,0","100,0","21,3","21,3","20,2","1009,1","1009,1","1008,7","0,7","281,0","1,3","123,00","0,0"
07/09/2025,1000,"25,8","25,8","21,4","79,0","100,0","79,0","21,9","22,6","21,1","1009,8","1009,8","1009,1","0,6","80,0","1,6","824,90","0,0"
07/09/2025,1100,"26,0","26,2","25,2","72,0","80,0","72,0","20,5","22,1","20,5","1010,5","1010,5","1009,8","2,7","143,0","6,0","1755,80","0,0"
07/09/2025,1200,"27,3","27,3","25,7","71,0","75,0","70,0","21,6","22,0","20,3","1011,1","1011,1","1010,5","2,9","148,0","6,5","2208,20","0,0"
07/09/2025,1300,"26,2","27,8","26,2","71,0","72,0","66,0","20,4","21,9","19,9","1011,0","1011,2","1011,0","3,3","154,0","6,6","2263,30","0,0"
07/09/2025,1400,"24,9","27,3","24,2","83,0","85,0","67,0","21,9","22,2","19,7","1010,7","1011,0","1010,7","4,3","97,0","9,5","1560,50","0,2"
07/09/2025,1500,"26,1","26,1","23,1","79,0","91,0","77,0","22,1","22,6","21,0","1009,5","1010,7","1009,5","2,6","164,0","8,7","1962,30","0,6"
07/09/2025,1600,"26,6","26,9","25,4","74,0","81,0","72,0","21,5","22,9","20,6","1008,7","1009,5","1008,6","3,8","152,0","8,9","2091,40","0,0"
07/09/2025,1700,"26,3","26,9","25,4","72,0","80,0","68,0","20,8","22,2","19,9","1008,2","1008,7","1008,2","4,3","167,0","9,3","1867,40","0,0"
07/09/2025,1800,"26,4","26,7","26,0","71,0","72,0","66,0","20,7","20,8","19,5","1008,0","1008,2","1008,0","4,2","168,0","7,9","1469,70","0,0"
07/09/2025,1900,"25,5","26,5","25,5","75,0","77,0","68,0","20,7","21,6","20,1","1008,2","1008,2","1008,0","4,7","161,0","8,2","461,80","0,0"
07/09/2025,2000,"24,9","25,5","24,9","81,0","81,0","75,0","21,3","21,3","20,6","1008,6","1008,6","1008,2","3,2","174,0","7,8","230,10","0,0"
07/09/2025,2100,"24,3","24,9","24,3","81,0","83,0","79,0","20,8","21,4","20,8","1009,0","1009,0","1008,6","3,2","162,0","8,1","4,60","0,0"
07/09/2025,2200,"24,5","24,5","24,2","78,0","81,0","77,0","20,4","20,8","20,0","1009,4","1009,4","1009,0","2,9","162,0","7,0",,"0,0"
07/09/2025,2300,"24,2","24,5","24,0","80,0","80,0","77,0","20,5","20,5","20,2","1010,0","1010,0","1009,4","2,9","162,0","6,6",,"0,0"
08/09/2025,0,"22,8","24,3","22,7","95,0","95,0","80,0","21,9","21,9","20,6","1010,5","1010,5","1010,0","1,9","142,0","6,9",,"1,6"
08/09/2025,100,"21,4","22,9","21,4","100,0","100,0","92,0","21,4","22,0","21,4","1011,1","1011,1","1010,5","3,2","146,0","8,6","2,50","1,0"
08/09/2025,200,"22,1","22,1","21,4","97,0","100,0","97,0","21,7","21,7","21,4","1010,5","1011,2","1010,5","1,6","109,0","6,8",,"0,2"
08/09/2025,300,"21,6","22,1","21,5","100,0","100,0","97,0","21,6","21,6","21,3","1009,8","1010,5","1009,8","1,8","184,0","5,6",,"2,0"
08/09/2025,400,"21,6","21,9","21,5","100,0","100,0","100,0","21,6","21,9","21,5","1009,0","1009,8","1009,0","2,1","142,0","5,2",,"0,4"
08/09/2025,500,"21,6","21,6","21,5","100,0","100,0","100,0","21,6","21,6","21,5","1008,5","1009,0","1008,5","1,6","165,0","5,2",,"0,2"
08/09/2025,600,"21,9","21,9","21,6","100,0","100,0","100,0","21,9","21,9","21,6","1008,2","1008,5","1008,2","1,8","173,0","4,1",,"0,0"
08/09/2025,700,"21,7","21,9","21,7","100,0","100,0","100,0","21,7","21,9","21,7","1008,1","1008,2","1008,1","0,9","222,0","3,6",,"0,0"
08/09/2025,800,"21,8","21,8","21,5","100,0","100,0","100,0","21,8","21,8","21,5","1008,7","1008,7","1008,1","0,7","150,0","2,3",,"1,8"
08/09/2025,900,"22,2","22,2","21,7","100,0","100,0","100,0","22,2","22,2","21,7","1009,2","1009,2","1008,7","0,8","156,0","6,4","49,70","0,4"
08/09/2025,1000,"23,6","23,9","22,2","95,0","100,0","95,0","22,7","23,5","22,2","1009,9","1009,9","1009,2","1,6","155,0","3,7","486,00","0,0"
08/09/2025,1100,"25,1","25,1","23,2","90,0","99,0","89,0","23,2","23,8","22,6","1010,4","1010,4","1009,9","3,4","148,0","6,7","1130,30","0,8"
08/09/2025,1200,"25,4","25,4","24,7","86,0","90,0","85,0","22,9","23,0","22,2","1010,9","1010,9","1010,4","2,6","153,0","7,1","1113,30","0,2"
08/09/2025,1300,"25,9","25,9","23,8","83,0","97,0","83,0","22,8","24,0","22,0","1010,7","1010,9","1010,7","4,0","130,0","8,0","1677,20","1,6"
08/09/2025,1400,"25,4","27,1","25,4","83,0","83,0","78,0","22,2","23,5","21,9","1010,1","1010,7","1010,0","4,3","157,0","9,0","2067,10","0,0"
08/09/2025,1500,"24,3","26,0","24,3","93,0","93,0","83,0","23,1","23,5","22,4","1009,4","1010,1","1009,4","4,2","167,0","8,9","1527,80","0,6"
08/09/2025,1600,"23,9","24,5","23,4","94,0","99,0","91,0","22,9","23,8","22,6","1008,3","1009,4","1008,3","3,8","151,0","8,6","878,90","1,8"
08/09/2025,1700,"22,3","23,9","22,2","99,0","99,0","94,0","22,0","23,7","21,5","1008,1","1008,4","1008,1","2,0","125,0","7,7","968,30","1,6"
08/09/2025,1800,"22,6","22,8","22,2","99,0","100,0","98,0","22,4","22,6","21,9","1007,9","1008,3","1007,8","2,0","149,0","6,0","779,30","0,4"
08/09/2025,1900,"23,0","23,1","22,4","97,0","99,0","97,0","22,6","22,8","22,2","1007,8","1007,9","1007,7","1,7","136,0","4,3","481,80","0,0"
08/09/2025,2000,"23,3","23,5","23,0","95,0","97,0","94,0","22,4","22,7","22,3","1008,1","1008,1","1007,8","2,1","141,0","6,7","146,30","0,4"
08/09/2025,2100,"23,3","23,3","23,0","95,0","98,0","95,0","22,5","22,7","22,5","1008,4","1008,4","1008,1","2,3","160,0","5,2","4,30","0,0"
08/09/2025,2200,"23,1","23,3","23,1","94,0","96,0","93,0","22,1","22,5","22,1","1008,8","1008,8","1008,4","2,1","157,0","5,1","1,00","0,0"
08/09/2025,2300,"23,0","23,3","23,0","95,0","95,0","93,0","22,1","22,2","22,1","1009,2","1009,3","1008,8","2,4","172,0","5,1",,"0,0"
09/09/2025,0,"23,2","23,5","22,9","97,0","97,0","94,0","22,7","22,7","22,1","1009,6","1009,6","1009,2","1,7","141,0","6,9",,"0,0"
09/09/2025,100,"23,5","23,6","23,2","91,0","97,0","90,0","22,0","22,8","21,8","1009,9","1009,9","1009,6","2,0","151,0","5,4",,"0,0"
09/09/2025,200,"23,6","23,7","23,4","91,0","92,0","90,0","22,0","22,1","21,9","1009,7","1010,0","1009,7","2,1","147,0","4,5",,"0,0"
09/09/2025,300,"23,1","23,6","22,9","96,0","96,0","91,0","22,3","22,4","21,9","1009,0","1009,7","1008,9","1,8","150,0","4,2",,"0,0"
09/09/2025,400,"22,4","23,1","22,3","99,0","100,0","96,0","22,2","22,6","22,2","1008,1","1009,0","1008,1","1,3","143,0","5,2",,"2,0"
09/09/2025,500,"22,0","22,4","21,9","100,0","100,0","98,0","21,9","22,3","21,9","1007,9","1008,1","1007,9","0,8","196,0","3,1",,"0,2"
09/09/2025,600,"22,3","22,5","21,9","100,0","100,0","99,0","22,2","22,4","21,9","1007,8","1008,0","1007,8","0,5","140,0","3,0",,"0,0"
09/09/2025,700,"22,4","22,9","22,3","98,0","100,0","97,0","22,0","22,7","22,0","1008,0","1008,0","1007,6","3,4","123,0","8,4",,"0,2"
09/09/2025,800,"22,2","22,3","22,1","98,0","100,0","98,0","22,0","22,3","22,0","1008,3","1008,3","1008,0","2,0","136,0","8,4",,"0,2"
09/09/2025,900,"22,6","22,6","22,2","99,0","99,0","97,0","22,4","22,4","21,7","1008,9","1008,9","1008,3","0,5","92,0","3,7","70,90","0,0"
09/09/2025,1000,"24,5","24,5","22,5","89,0","100,0","89,0","22,5","23,1","22,4","1009,4","1009,4","1008,9","1,9","134,0","3,5","713,20","0,0"
09/09/2025,1100,"24,8","25,7","24,4","86,0","90,0","83,0","22,3","23,4","22,2","1010,1","1010,1","1009,4","3,2","131,0","5,4","907,10","0,0"
09/09/2025,1200,"26,5","26,8","24,8","78,0","87,0","76,0","22,3","23,2","21,8","1010,6","1010,6","1010,1","3,5","91,0","6,2","2037,90","0,0"
09/09/2025,1300,"27,3","27,6","26,0","75,0","82,0","72,0","22,4","23,0","21,5","1010,3","1010,6","1010,3","4,3","97,0","7,3","2345,20","0,0"
09/09/2025,1400,"27,4","28,3","26,0","71,0","79,0","70,0","21,7","23,1","21,3","1009,9","1010,3","1009,9","3,8","108,0","7,8","2086,00","0,0"
09/09/2025,1500,"28,1","28,5","27,0","67,0","74,0","63,0","21,4","22,5","20,4","1009,1","1009,9","1009,1","3,9","112,0","7,0","3144,10","0,0"
09/09/2025,1600,"27,6","28,8","27,5","68,0","69,0","54,0","21,3","21,5","18,4","1008,6","1009,1","1008,6","4,7","100,0","8,7","3083,20","0,0"
09/09/2025,1700,"27,2","28,2","26,8","72,0","72,0","66,0","21,7","22,5","20,3","1008,5","1008,7","1008,5","3,7","108,0","8,4","2246,30","0,0"
09/09/2025,1800,"26,8","27,6","26,6","71,0","73,0","65,0","21,1","21,9","20,2","1007,9","1008,5","1007,9","4,0","116,0","7,2","1857,50","0,0"
09/09/2025,1900,"26,1","27,2","26,0","74,0","75,0","69,0","21,2","22,0","20,7","1008,2","1008,2","1007,9","2,9","123,0","6,9","447,60","0,0"
09/09/2025,2000,"25,2","26,1","25,2","80,0","80,0","74,0","21,5","21,5","21,0","1008,5","1008,5","1008,1","2,3","133,0","6,9","160,70","0,0"
09/09/2025,2100,"24,7","25,2","24,7","83,0","83,0","80,0","21,7","21,8","21,5","1009,0","1009,0","1008,5","1,7","123,0","4,5","1,70","0,0"
09/09/2025,2200,"24,3","24,7","24,1","86,0","87,0","83,0","21,8","21,9","21,7","1009,3","1009,3","1009,0","1,4","129,0","3,1",,"0,0"
09/09/2025,2300,"23,9","24,3","23,9","87,0","87,0","85,0","21,6","21,8","21,6","1009,8","1009,8","1009,3","1,1","131,0","3,3",,"0,0"
10/09/2025,0,"22,8","24,0","22,8","93,0","93,0","86,0","21,6","21,6","21,4","1010,1","1010,2","1009,8","0,6","171,0","2,2",,"0,0"
10/09/2025,100,"23,0","23,0","22,5","97,0","97,0","93,0","22,4","22,5","21,5","1010,2","1010,2","1010,1","0,6","205,0","1,6",,"0,0"
10/09/2025,200,"22,7","23,3","22,7","97,0","98,0","95,0","22,2","22,7","22,2","1010,0","1010,2","1009,9","0,5","351,0","1,5",,"0,0"
10/09/2025,300,"22,3","22,7","22,2","100,0","100,0","97,0","22,3","22,4","22,1","1009,3","1010,0","1009,3","0,6","265,0","2,1",,"0,0"
10/09/2025,400,"22,0","22,4","21,8","100,0","100,0","100,0","22,0","22,4","21,8","1008,8","1009,3","1008,8","0,8","269,0","1,5",,"0,0"
10/09/2025,500,"22,3","22,3","22,0","100,0","100,0","100,0","22,3","22,3","22,0","1008,4","1008,8","1008,4","0,6","259,0","1,7",,"0,0"
10/09/2025,600,"21,9","22,3","21,7","100,0","100,0","100,0","21,9","22,3","21,8","1008,0","1008,4","1008,0","0,6","350,0","1,5",,"0,0"
10/09/2025,700,"21,4","21,9","21,2","100,0","100,0","100,0","21,4","21,8","21,2","1008,1","1008,1","1007,9","0,6","312,0","1,1",,"0,0"
10/09/2025,800,"20,7","21,4","20,5",,"100,0","100,0",,"21,3","20,5","1008,6","1008,7","1008,1","0,3","277,0","0,9",,"0,0"
10/09/2025,900,"21,4","21,6","20,7",,,,,,,"1009,1","1009,1","1008,6","0,8","261,0","1,5","59,60","0,2"
10/09/2025,1000,"22,4","22,4","21,4","100,0",,,"22,4",,,"1009,5","1009,5","1009,1","0,9","208,0","1,5","285,80","0,0"
10/09/2025,1100,"24,1","24,4","22,4","90,0","100,0","90,0","22,4","23,9","22,4","1009,8","1009,9","1009,5","0,3","201,0","1,5","632,00","0,0"
10/09/2025,1200,"25,9","26,0","24,0","80,0","93,0","79,0","22,1","23,4","22,0","1010,2","1010,2","1009,8","3,1","90,0","6,0","611,00","0,0"
10/09/2025,1300,"26,9","27,5","25,9","72,0","81,0","71,0","21,5","22,7","21,4","1010,0","1010,2","1010,0","3,8","78,0","6,9","1642,10","0,0"
10/09/2025,1400,"27,2","28,1","26,5","73,0","77,0","69,0","21,9","22,8","20,7","1008,9","1010,0","1008,9","4,7","66,0","7,9","2141,70","0,0"
10/09/2025,1500,"28,3","28,4","26,5","64,0","74,0","64,0","20,9","22,7","20,6","1008,0","1008,9","1008,0","3,9","83,0","7,9","2571,80","0,0"
10/09/2025,1600,"27,3","28,5","27,0","71,0","72,0","64,0","21,5","22,1","20,5","1007,6","1008,0","1007,6","4,2","93,0","8,4","2529,80","0,0"
10/09/2025,1700,"27,5","28,5","26,6","67,0","73,0","63,0","20,8","21,8","20,2","1006,9","1007,6","1006,8","4,3","83,0","7,4","2111,90","0,0"
10/09/2025,1800,"27,0","28,0","26,6","71,0","74,0","67,0","21,4","22,0","20,4","1006,4","1006,9","1006,4","3,5","94,0","7,1","1869,60","0,0"
10/09/2025,1900,"25,8","27,1","25,8","77,0","77,0","71,0","21,4","21,9","20,9","1006,4","1006,5","1006,4","3,5","89,0","6,7","411,80","0,0"
10/09/2025,2000,"24,7","26,0","24,7","82,0","82,0","76,0","21,4","21,9","21,1","1006,7","1006,8","1006,4","3,3","73,0","6,7","147,20","0,0"
10/09/2025,2100,"23,5","24,7","23,4","89,0","89,0","82,0","21,5","21,5","21,4","1006,9","1007,0","1006,6","2,1","84,0","5,2","1,80","0,0"
10/09/2025,2200,"22,9","23,5","22,9","91,0","91,0","89,0","21,4","21,6","21,4","1007,4","1007,4","1006,9","2,0","80,0","3,6",,"0,0"
10/09/2025,2300,"22,4","22,9","22,4","94,0","94,0","91,0","21,4","21,5","21,2","1007,9","1007,9","1007,4","1,6","62,0","3,0",,"0,0"
11/09/2025,0,"21,8","22,8","21,8","97,0","97,0","94,0","21,2","21,9","21,1","1008,5","1008,5","1007,9","0,7","29,0","2,3",,"0,0"
11/09/2025,100,"21,3","21,8","21,3","99,0","99,0","97,0","21,2","21,4","21,1","1008,7","1008,7","1008,5","1,0","47,0","1,6",,"0,0"
11/09/2025,200,"21,2","21,3","21,1","100,0","100,0","99,0","21,2","21,2","21,0","1008,6","1008,8","1008,6","0,7","277,0","1,3",,"0,0"
11/09/2025,300,"20,9","21,2","20,8","100,0","100,0","100,0","20,9","21,2","20,8","1008,1","1008,6","1008,1","0,4","282,0","1,1",,"0,0"
11/09/2025,400,"20,9","21,1","20,8","100,0","100,0","100,0","20,9","21,1","20,8","1007,6","1008,2","1007,6","0,8","262,0","1,4",,"0,0"
11/09/2025,500,"21,1","21,3","20,9","100,0","100,0","100,0","21,1","21,3","21,0","1007,5","1007,7","1007,5","0,9","240,0","1,6",,"0,0"
11/09/2025,600,"21,2","21,3","21,0","100,0","100,0","100,0","21,2","21,3","21,0","1007,6","1007,6","1007,5","0,6","237,0","2,1",,"0,0"
11/09/2025,700,"21,1","21,2","20,9","100,0","100,0","100,0","21,1","21,2","20,9","1007,9","1007,9","1007,6","0,7","230,0","1,3",,"0,0"
11/09/2025,800,"21,1","21,1","20,6","100,0","100,0","100,0","21,1","21,1","20,6","1008,4","1008,4","1007,8","0,6","276,0","1,7",,"0,0"
11/09/2025,900,"21,6","21,6","21,1","100,0","100,0","100,0","21,6","21,6","21,1","1009,1","1009,1","1008,4","0,6","227,0","1,6","59,40","0,0"
11/09/2025,1000,"24,6","24,6","21,6","91,0","100,0","91,0","22,9","23,3","21,6","1009,5","1009,5","1009,1","0,8","206,0","2,1","804,50","0,0"
11/09/2025,1100,"26,6","26,6","24,6","77,0","90,0","77,0","22,2","23,0","21,5","1010,2","1010,2","1009,5","5,1","103,0","8,1","1553,20","0,0"
11/09/2025,1200,"26,8","27,3","25,9","73,0","79,0","72,0","21,5","22,5","21,5","1010,5","1010,5","1010,2","4,3","112,0","8,2","1999,20","0,0"
11/09/2025,1300,"27,9","27,9","26,5","67,0","76,0","67,0","21,3","22,4","21,1","1010,1","1010,5","1010,1","3,9","121,0","8,5","2325,10","0,0"
11/09/2025,1400,"27,9","28,1","27,2","66,0","73,0","63,0","20,9","22,7","20,2","1009,7","1010,1","1009,7","4,1","136,0","8,6","2856,50","0,0"
11/09/2025,1500,"27,7","28,6","27,1","66,0","72,0","63,0","20,8","22,5","20,5","1008,9","1009,8","1008,9","3,7","123,0","7,5","2777,10","0,0"
11/09/2025,1600,"27,1","28,3","26,8","70,0","72,0","65,0","21,2","22,2","20,4","1008,1","1009,0","1008,1","3,4","137,0","7,4","1991,50","0,0"
11/09/2025,1700,"27,9","28,0","26,9","65,0","72,0","62,0","20,6","22,1","20,1","1007,6","1008,2","1007,6","3,0","153,0","7,8","1747,90","0,0"
11/09/2025,1800,"26,8","27,9","26,8","65,0","69,0","62,0","19,8","21,0","19,1","1007,6","1007,6","1007,4","3,4","121,0","7,9","1265,50","0,0"
11/09/2025,1900,"26,4","27,3","26,3","72,0","73,0","65,0","21,0","21,8","19,7","1007,6","1007,7","1007,5","3,0","133,0","6,2","448,00","0,0"
11/09/2025,2000,"25,4","26,4","25,4","78,0","78,0","70,0","21,2","21,4","20,3","1007,7","1007,8","1007,6","2,4","129,0","6,7","175,00","0,0"
11/09/2025,2100,"24,8","25,4","24,7","81,0","82,0","77,0","21,4","21,4","21,1","1008,1","1008,2","1007,7","2,0","123,0","5,3","2,70","0,0"
11/09/2025,2200,"24,4","24,8","24,3","84,0","84,0","81,0","21,5","21,6","21,3","1008,7","1008,7","1008,1","1,7","131,0","5,4",,"0,0"
11/09/2025,2300,"24,2","24,4","24,2","86,0","86,0","84,0","21,7","21,7","21,5","1008,8","1008,8","1008,7","1,4","136,0","3,4",,"0,0"
12/09/2025,0,"24,0","24,3","24,0","86,0","87,0","86,0","21,6","21,9","21,6","1009,2","1009,2","1008,8","1,5","124,0","3,9",,"0,0"
12/09/2025,100,"23,6","24,1","23,6","88,0","88,0","86,0","21,4","21,7","21,4","1009,4","1009,5","1009,2","0,9","127,0","3,4",,"0,0"
12/09/2025,200,"22,2","23,6","22,2","95,0","95,0","88,0","21,5","21,6","21,2","1009,1","1009,4","1009,0","0,5","41,0","2,1",,"1,0"
12/09/2025,300,"21,9","22,7","21,9","100,0","100,0","95,0","21,9","22,2","21,5","1008,3","1009,1","1008,3","0,5","256,0","2,8",,"0,6"
12/09/2025,400,"21,8","22,0","21,8","100,0","100,0","100,0","21,8","22,0","21,8","1007,6","1008,3","1007,6","0,9","298,0","1,5",,"0,0"
12/09/2025,500,"21,3","21,8","21,2","100,0","100,0","100,0","21,3","21,7","21,2","1007,1","1007,6","1007,1","0,7","260,0","1,3",,"0,0"
12/09/2025,600,"21,2","21,3","20,9",,"100,0","100,0",,"21,3","20,9","1007,0","1007,1","1006,9","0,6","253,0","1,5",,"0,0"
12/09/2025,700,"21,1","21,2","21,0",,,,,,,"1007,0","1007,0","1006,9","0,7","293,0","1,9",,"0,0"
12/09/2025,800,"21,2","21,2","21,0",,,,,,,"1007,3","1007,3","1007,0","0,9","273,0","1,6",,"0,0"
12/09/2025,900,"22,0","22,0","21,1",,,,,,,"1007,9","1007,9","1007,3","0,7","219,0","1,6","136,10","0,0"
12/09/2025,1000,"23,3","23,3","21,9","99,0","100,0","99,0","23,2","23,2","21,9","1008,4","1008,4","1007,9","0,7","252,0","2,3","522,40","0,0"
12/09/2025,1100,"24,3","24,4","23,0","92,0","99,0","92,0","22,9","24,0","22,2","1008,8","1008,8","1008,4","1,1","295,0","2,6","728,80","0,2"
12/09/2025,1200,"25,4","26,5","24,3","85,0","92,0","79,0","22,7","23,8","22,0","1008,9","1009,0","1008,8","1,4","184,0","4,0","1740,50","0,0"
12/09/2025,1300,"27,1","27,9","25,4","73,0","85,0","70,0","21,8","24,0","21,0","1008,7","1008,9","1008,7","2,9","108,0","5,1","2308,60","0,0"
12/09/2025,1400,"27,9","28,9","26,9","72,0","75,0","68,0","22,3","23,1","21,2","1008,0","1008,7","1008,0","3,5","104,0","6,5","2724,80","0,0"
12/09/2025,1500,"27,2","28,7","26,2","71,0","78,0","68,0","21,4","23,0","21,1","1007,3","1008,0","1007,3","3,8","105,0","7,0","2458,40","0,0"
12/09/2025,1600,"27,3","28,0","26,8","77,0","77,0","68,0","22,8","22,8","21,0","1006,4","1007,3","1006,4","4,2","111,0","8,9","2949,10","0,0"
12/09/2025,1700,"25,8","27,9","25,7","84,0","84,0","73,0","22,9","23,2","21,6","1005,9","1006,4","1005,9","3,9","122,0","8,5","1513,70","0,0"
12/09/2025,1800,"26,1","26,5","25,6","80,0","84,0","78,0","22,3","22,9","21,6","1005,8","1005,9","1005,7","3,6","152,0","7,5","1118,10","0,0"
12/09/2025,1900,"25,2","26,5","25,1","84,0","84,0","78,0","22,2","22,7","21,9","1006,2","1006,2","1005,7","3,3","127,0","7,5","507,70","0,0"
12/09/2025,2000,"24,8","25,2","24,8","84,0","85,0","82,0","21,8","22,2","21,7","1006,5","1006,5","1006,2","3,4","133,0","7,0","170,90","0,0"
12/09/2025,2100,"24,1","24,8","24,0","93,0","93,0","83,0","22,8","22,9","21,7","1007,0","1007,0","1006,5","3,0","96,0","6,5","5,30","0,0"
12/09/2025,2200,"23,0","24,2","23,0","98,0","98,0","91,0","22,7","23,0","22,4","1007,5","1007,5","1007,0","3,0","91,0","6,8",,"0,2"
12/09/2025,2300,"22,6","23,0","22,6","98,0","99,0","97,0","22,2","22,7","22,2","1008,3","1008,3","1007,5","3,7","90,0","7,0","0,70","0,0"
13/09/2025,0,"21,9","22,6","21,9","100,0","100,0","98,0","21,9","22,2","21,9","1008,9","1009,0","1008,3","3,3","76,0","7,0",,"0,0"
13/09/2025,100,"21,7","21,9","21,7","100,0","100,0","100,0","21,7","21,9","21,7","1008,8","1009,0","1008,7","2,4","355,0","5,4",,"0,4"
13/09/2025,200,"21,6","21,8","21,5","100,0","100,0","100,0","21,6","21,8","21,5","1008,4","1008,8","1008,4","2,1","21,0","4,4",,"0,2"
13/09/2025,300,"21,5","21,7","21,5","100,0","100,0","100,0","21,5","21,6","21,5","1007,9","1008,4","1007,9","1,5","96,0","3,3",,"2,4"
13/09/2025,400,"20,8","21,7","20,8","100,0",,,"20,8",,,"1007,5","1007,9","1007,5","1,5","121,0","4,6",,"2,8"
13/09/2025,500,"21,0","21,1","20,8","100,0","100,0","100,0","21,0","21,1","20,8","1007,3","1007,5","1007,2","0,5","301,0","3,6",,"0,6"
13/09/2025,600,"20,9","21,1","20,8",,"100,0","100,0",,"21,1","20,8","1007,2","1007,4","1007,2","0,6","250,0","1,5",,"0,4"
13/09/2025,700,"21,1","21,1","20,9",,,,,,,"1007,3","1007,4","1007,1","0,9","197,0","1,5",,"0,0"
13/09/2025,800,"21,0","21,1","20,9",,,,,,,"1007,5","1007,6","1007,3","0,6","225,0","1,8",,"0,2"
13/09/2025,900,"21,3","21,4","20,8","100,0",,,"21,3",,,"1008,1","1008,1","1007,5","1,4","35,0","2,1","47,00","0,0"
13/09/2025,1000,"21,4","21,6","21,3","100,0","100,0","100,0","21,4","21,6","21,3","1008,9","1008,9","1008,1","2,1","125,0","4,4","239,40","0,4"
13/09/2025,1100,"22,4","22,4","21,0","99,0","100,0","99,0","22,1","22,1","21,0","1008,9","1009,2","1008,9","1,2","204,0","5,2","479,30","0,8"
13/09/2025,1200,"24,4","24,7","22,4","83,0","99,0","83,0","21,4","22,5","21,2","1009,2","1009,2","1008,9","0,6","36,0","5,6","1402,00","0,0"
13/09/2025,1300,"24,9","26,2","24,4","84,0","85,0","76,0","22,1","22,9","21,1","1008,8","1009,2","1008,8","2,5","192,0","4,5","1967,90","0,0"
13/09/2025,1400,"25,2","25,4","24,6","83,0","87,0","82,0","22,1","22,7","21,6","1008,3","1008,8","1008,3","3,8","194,0","6,5","1345,20","0,0"
13/09/2025,1500,"23,9","25,6","23,1","92,0","98,0","80,0","22,5","22,9","21,7","1007,7","1008,3","1007,7","2,7","27,0","6,4","704,70","0,2"
13/09/2025,1600,"23,8","25,5","23,7","86,0","92,0","84,0","21,3","23,2","21,0","1007,0","1007,7","1007,0","4,7","50,0","6,9","854,90","0,0"
13/09/2025,1700,"24,1","25,3","23,8","89,0","89,0","83,0","22,2","23,0","21,2","1006,6","1007,0","1006,5","2,7","77,0","6,9","565,80","0,0"
13/09/2025,1800,"23,1","24,1","22,4","93,0","93,0","88,0","21,9","22,5","20,7","1006,5","1006,7","1006,5","1,2","110,0","5,5","287,70","2,0"
13/09/2025,1900,"23,6","23,9","23,1","95,0","97,0","92,0","22,8","23,3","22,0","1006,6","1006,7","1006,5","0,8","152,0","2,6","220,40","0,0"
13/09/2025,2000,"24,3","24,5","23,6","88,0","95,0","83,0","22,3","22,9","21,3","1007,0","1007,0","1006,6","0,9","164,0","2,9","147,60","0,0"
13/09/2025,2100,"23,4","24,3","23,4","93,0","93,0","88,0","22,2","22,5","22,1","1007,4","1007,4","1007,0","1,4","206,0","4,7","3,70","0,0"
13/09/2025,2200,"23,0","23,4","22,9","96,0","96,0","93,0","22,3","22,3","22,0","1007,9","1007,9","1007,4","0,6","240,0","3,0",,"0,0"
13/09/2025,2300,"22,7","23,0","22,7","98,0","98,0","96,0","22,4","22,5","22,3","1008,4","1008,4","1007,9","0,5","238,0","1,5",,"0,0"
14/09/2025,0,"22,4","22,8","22,4","99,0","99,0","98,0","22,2","22,5","22,2","1008,8","1008,8","1008,4","0,5","237,0","1,7",,"0,0"
14/09/2025,100,"22,1","22,4","22,1","99,0","100,0","99,0","22,0","22,2","22,0","1008,9","1009,0","1008,8","1,7","17,0","2,9",,"0,0"
14/09/2025,200,"21,8","22,1","21,8","100,0","100,0","99,0","21,8","22,1","21,8","1008,5","1009,0","1008,5","1,0","278,0","2,8",,"0,0"
14/09/2025,300,"21,3","21,8","21,3","100,0","100,0","100,0","21,3","21,8","21,3","1007,7","1008,5","1007,7","0,9","267,0","2,5",,"0,0"
14/09/2025,400,"21,3","21,5","21,2","100,0","100,0","100,0","21,3","21,5","21,2","1007,0","1007,7","1007,0","1,3","344,0","2,6",,"0,0"
14/09/2025,500,"21,3","21,4","21,3","100,0","100,0","100,0","21,3","21,4","21,3","1007,0","1007,1","1007,0","1,0","293,0","2,8",,"0,0"
14/09/2025,600,"20,9","21,3","20,8","100,0","100,0","100,0","20,9","21,3","20,8","1007,0","1007,0","1006,9","0,6","244,0","2,0",,"0,0"
14/09/2025,700,"20,4","20,9","20,2","100,0","100,0","100,0","20,4","20,9","20,2","1007,0","1007,1","1007,0","0,6","305,0","1,9",,"0,0"
14/09/2025,800,"20,8","20,8","20,3","100,0","100,0","100,0","20,8","20,8","20,3","1007,6","1007,6","1007,0","0,7","270,0","2,2",,"0,8"
14/09/2025,900,"22,1","22,1","20,7",,,,,,,"1007,8","1007,8","1007,5","0,6","34,0","2,1","220,90","0,2"
14/09/2025,1000,"24,7","24,7","22,0","89,0","100,0","88,0","22,7","23,6","22,1","1008,4","1008,4","1007,8","0,9","158,0","1,8","1062,90","0,0"
14/09/2025,1100,"26,0","26,4","24,7","79,0","90,0","78,0","22,1","23,5","21,9","1008,9","1008,9","1008,4","3,4","100,0","6,4","1458,40","0,0"
14/09/2025,1200,"26,2","27,2","25,5","79,0","81,0","74,0","22,1","22,8","21,4","1009,4","1009,4","1008,9","2,9","97,0","6,4","1920,00","0,0"
14/09/2025,1300,"27,4","27,4","24,6","77,0","90,0","75,0","23,0","23,5","22,0","1009,1","1009,5","1009,1","3,6","97,0","6,6","2033,10","0,2"
14/09/2025,1400,"25,5","28,1","25,5","83,0","83,0","71,0","22,5","23,4","21,8","1008,7","1009,1","1008,7","3,3","118,0","6,1","2309,90","0,0"
14/09/2025,1500,"27,6","28,3","25,2","75,0","88,0","71,0","22,8","23,8","21,8","1007,5","1008,7","1007,5","3,2","107,0","6,1","2055,40","0,0"
14/09/2025,1600,"27,9","28,2","27,0","69,0","76,0","68,0","21,7","22,9","21,1","1006,9","1007,5","1006,9","3,0","117,0","6,9","3209,10","0,0"
14/09/2025,1700,"28,0","28,4","27,0","71,0","74,0","67,0","22,3","23,0","21,1","1006,4","1006,9","1006,4","3,6","104,0","7,8","2538,40","0,0"
14/09/2025,1800,"26,9","28,0","26,5","74,0","76,0","69,0","21,8","22,7","21,2","1006,5","1006,5","1006,3","3,3","119,0","7,8","1307,10","0,0"
14/09/2025,1900,"25,9","27,2","25,9","79,0","79,0","73,0","21,9","22,6","21,4","1006,7","1006,7","1006,4","3,5","122,0","6,1","342,00","0,0"
14/09/2025,2000,"25,1","26,1","25,1","84,0","84,0","79,0","22,3","22,3","21,9","1007,1","1007,1","1006,7","2,7","117,0","6,1","126,80","0,0"
14/09/2025,2100,"24,5","25,1","24,5","87,0","87,0","84,0","22,2","22,3","22,1","1007,4","1007,4","1007,1","1,4","118,0","5,0","1,60","0,0"
14/09/2025,2200,"24,3","24,6","24,2","87,0","87,0","85,0","21,9","22,2","21,9","1008,0","1008,0","1007,4","1,4","133,0","3,6",,"0,0"
14/09/2025,2300,"23,8","24,3","23,8","89,0","89,0","86,0","21,9","22,0","21,8","1008,5","1008,5","1008,0","1,2","124,0","2,8",,"0,0"
15/09/2025,0,"23,4","23,8","23,4","92,0","92,0","89,0","22,0","22,0","21,8","1008,9","1008,9","1008,5","1,1","145,0","2,1",,"0,0"
15/09/2025,100,"22,6","23,4","22,6","96,0","96,0","92,0","21,9","22,1","21,8","1008,9","1009,1","1008,9","0,4","153,0","2,1",,"0,0"
15/09/2025,200,"22,1","22,6","22,0","99,0","99,0","96,0","21,9","22,1","21,8","1008,7","1009,0","1008,7","0,3","240,0","1,2",,"0,0"
15/09/2025,300,"21,6","22,1","21,4","100,0","100,0","99,0","21,6","22,1","21,4","1008,1","1008,7","1008,1","0,1","235,0","0,8",,"0,0"
15/09/2025,400,"21,4","21,9","21,2","100,0","100,0","100,0","21,4","21,8","21,2","1007,6","1008,2","1007,6","0,3","307,0","1,8",,"0,0"
15/09/2025,500,"21,3","21,5","20,8","100,0","100,0","100,0","21,3","21,5","20,8","1007,3","1007,6","1007,3","0,8","279,0","1,5",,"0,0"
15/09/2025,600,"21,2","21,4","21,1","100,0","100,0","100,0","21,2","21,4","21,1","1007,2","1007,3","1007,0","0,7","334,0","1,9",,"0,0"
15/09/2025,700,"20,9","21,2","20,7","100,0","100,0","100,0","20,9","21,2","20,7","1007,3","1007,3","1007,2","1,0","314,0","1,6",,"0,0"
15/09/2025,800,"20,6","20,9","20,4","100,0","100,0","100,0","20,6","20,9","20,5","1007,6","1007,6","1007,2","0,2","223,0","1,4",,"0,0"
15/09/2025,900,"21,7","21,7","20,6","100,0","100,0","100,0","21,7","21,7","20,6","1008,1","1008,1","1007,6","0,4","291,0","1,9","116,60","0,0"
15/09/2025,1000,"24,3","24,9","21,6","88,0","100,0","86,0","22,1","23,3","21,6","1008,4","1008,4","1008,1","2,0","67,0","3,7","867,80","0,0"
15/09/2025,1100,"25,9","26,7","24,3","77,0","89,0","75,0","21,6","22,9","21,3","1008,9","1008,9","1008,4","4,5","88,0","8,4","1470,40","0,0"
15/09/2025,1200,"26,8","27,5","25,7","74,0","79,0","70,0","21,8","22,4","21,1","1009,0","1009,0","1008,8","4,6","81,0","8,4","1745,60","0,0"
15/09/2025,1300,"27,9","28,7","26,7","68,0","75,0","66,0","21,4","22,8","20,8","1008,8","1009,2","1008,8","5,3","82,0","8,4","2525,00","0,0"
15/09/2025,1400,"28,7","28,8","26,5","67,0","74,0","65,0","21,8","22,5","20,5","1008,2","1008,8","1008,2","4,8","80,0","8,4","2512,00","0,0"
15/09/2025,1500,"28,5","29,1","27,4","68,0","70,0","63,0","22,0","22,4","20,4","1007,3","1008,3","1007,3","5,0","89,0","8,9","3497,40","0,0"
15/09/2025,1600,"27,8","28,9","27,0","68,0","72,0","61,0","21,2","22,5","20,5","1006,5","1007,3","1006,5","5,0","97,0","8,9","2648,50","0,0"
15/09/2025,1700,"27,7","28,1","26,8","64,0","72,0","63,0","20,3","22,1","20,2","1006,0","1006,5","1006,0","5,0","88,0","8,6","2262,50","0,0"
15/09/2025,1800,"27,5","28,3","26,8","71,0","73,0","64,0","21,8","21,9","20,2","1006,2","1006,2","1006,0","4,2","92,0","9,3","1904,60","0,0"
15/09/2025,1900,"26,4","27,5","26,3","72,0","74,0","69,0","21,0","21,7","20,4","1006,1","1006,3","1006,1","3,8","95,0","7,7","418,90","0,0"
15/09/2025,2000,"25,2","26,4","25,2","79,0","79,0","72,0","21,3","21,4","20,9","1006,6","1006,6","1006,1","3,3","91,0","6,1","136,40","0,0"
15/09/2025,2100,"24,6","25,2","24,5","85,0","85,0","79,0","21,8","21,8","21,3","1007,0","1007,0","1006,6","2,2","90,0","5,3","2,40","0,0"
15/09/2025,2200,"23,7","24,6","23,7","89,0","89,0","85,0","21,8","22,0","21,8","1007,3","1007,3","1007,0","1,6","82,0","3,8",,"0,0"
15/09/2025,2300,"23,8","24,3","23,6","87,0","90,0","86,0","21,5","22,0","21,5","1007,8","1007,8","1007,3","1,7","72,0","4,5",,"0,0"
16/09/2025,0,"23,4","23,8","23,3","92,0","92,0","87,0","21,9","21,9","21,3","1008,2","1008,2","1007,8","0,9","19,0","3,0",,"0,0"
16/09/2025,100,"23,5","23,7","23,2","90,0","93,0","90,0","21,8","22,1","21,8","1008,5","1008,6","1008,2","1,9","50,0","2,8",,"0,0"
16/09/2025,200,"23,2","23,5","23,2","93,0","93,0","90,0","21,9","22,0","21,8","1008,4","1008,6","1008,4","1,3","22,0","2,8",,"0,0"
16/09/2025,300,"23,0","23,3","23,0","94,0","94,0","93,0","21,9","22,3","21,9","1007,6","1008,4","1007,6","1,2","342,0","2,4",,"0,0"
16/09/2025,400,"22,6","23,0","22,5","96,0","97,0","94,0","21,9","22,1","21,7","1006,7","1007,5","1006,7","1,3","22,0","2,3",,"0,0"
16/09/2025,500,"22,5","22,7","22,4","99,0","99,0","95,0","22,3","22,3","21,8","1006,4","1006,7","1006,4","0,4","275,0","1,9",,"0,2"
16/09/2025,600,"22,3","22,7","22,1","100,0","100,0","99,0","22,2","22,6","22,1","1006,5","1006,5","1006,4","0,8","330,0","1,8",,"0,2"
16/09/2025,700,"21,6","22,3","21,6","100,0","100,0","99,0","21,6","22,2","21,6","1006,5","1006,5","1006,3","0,4","254,0","1,5",,"0,0"
16/09/2025,800,"21,3","21,7","20,9","100,0","100,0","100,0","21,3","21,7","20,9","1006,8","1006,8","1006,4","0,6","316,0","1,2",,"0,0"
16/09/2025,900,"22,5","22,5","21,3","100,0","100,0","100,0","22,5","22,5","21,3","1007,2","1007,3","1006,8","0,5","12,0","1,4","168,00","0,0"
16/09/2025,1000,"25,3","25,3","22,4","85,0","100,0","83,0","22,5","23,2","21,9","1007,6","1007,6","1007,2","2,0","68,0","3,4","754,10","0,0"
16/09/2025,1100,"25,5","26,4","25,0","81,0","86,0","77,0","22,0","23,1","21,4","1008,2","1008,2","1007,6","3,1","70,0","6,5","1029,30","0,0"
16/09/2025,1200,"25,4","25,5","23,5","82,0","95,0","80,0","22,2","23,8","21,7","1008,6","1008,7","1008,2","1,9","66,0","7,0","857,10","0,2"
16/09/2025,1300,"26,3","26,4","24,4","77,0","90,0","77,0","22,0","23,6","22,0","1008,6","1008,8","1008,6","5,9","93,0","8,7","1754,90","0,2"
16/09/2025,1400,"26,5","27,4","25,9","72,0","80,0","72,0","21,1","23,1","20,4","1008,0","1008,6","1008,0","5,5","70,0","9,2","2401,70","0,0"
16/09/2025,1500,"27,3","28,2","26,3","70,0","72,0","63,0","21,3","21,9","19,7","1007,0","1008,0","1007,0","4,7","65,0","8,7","2685,60","0,0"
16/09/2025,1600,"23,9","27,5","23,9","91,0","91,0","69,0","22,4","22,5","21,1","1006,6","1007,0","1006,6","3,1","101,0","8,9","1174,70","0,6"
16/09/2025,1700,"26,7","26,7","23,7","81,0","95,0","81,0","23,2","24,0","21,9","1005,7","1006,6","1005,7","3,4","100,0","5,7","1402,50","0,2"
16/09/2025,1800,"26,9","27,0","25,9","73,0","82,0","70,0","21,6","23,5","20,6","1005,6","1005,7","1005,5","3,9","107,0","7,0","1517,70","0,0"
16/09/2025,1900,"26,0","27,1","25,9","75,0","77,0","68,0","21,3","21,6","20,1","1005,9","1005,9","1005,6","3,1","123,0","7,0","446,90","0,0"
16/09/2025,2000,"24,9","26,0","24,9","80,0","81,0","74,0","21,3","21,4","20,9","1006,3","1006,4","1005,9","2,7","114,0","6,0","136,10","0,0"
16/09/2025,2100,"23,8","24,9","23,8","87,0","87,0","80,0","21,6","21,7","21,2","1006,7","1006,7","1006,3","1,8","107,0","5,3","1,00","0,0"
16/09/2025,2200,"23,6","23,8","23,4","89,0","90,0","87,0","21,7","21,7","21,5","1007,1","1007,1","1006,7","1,3","113,0","3,1",,"0,0"
16/09/2025,2300,"23,0","23,7","23,0","91,0","91,0","88,0","21,5","21,6","21,4","1007,5","1007,5","1007,1","1,0","101,0","2,7",,"0,0"
17/09/2025,0,"22,4","23,0","22,4","93,0","94,0","91,0","21,3","21,6","21,3","1007,8","1007,8","1007,5","0,6","74,0","2,7",,"0,0"
17/09/2025,100,"22,1","22,5","22,1","95,0","95,0","93,0","21,3","21,4","21,2","1007,9","1008,0","1007,8","0,3","51,0","1,7",,"0,0"
17/09/2025,200,"21,8","22,2","21,7","97,0","97,0","95,0","21,2","21,4","21,1","1007,6","1007,9","1007,6","0,5","61,0","1,8",,"0,0"
17/09/2025,300,"21,7","22,6","21,7","96,0","97,0","94,0","21,0","21,8","21,0","1006,6","1007,6","1006,6","0,4","354,0","2,5",,"0,0"
17/09/2025,400,"21,2","21,7","21,1","99,0","99,0","96,0","21,1","21,2","20,8","1005,8","1006,6","1005,8","0,4","282,0","1,1",,"0,0"
17/09/2025,500,"21,2","21,5","21,1","100,0","100,0","99,0","21,2","21,5","21,1","1005,5","1005,9","1005,5","0,8","268,0","1,1",,"0,0"
17/09/2025,600,"21,9","22,0","21,2","100,0","100,0","100,0","21,9","22,0","21,2","1005,6","1005,7","1005,4","0,3","215,0","3,7",,"0,8"
17/09/2025,700,"21,7","22,0","21,7","100,0","100,0","100,0","21,7","22,0","21,7","1005,9","1005,9","1005,6","0,7","320,0","1,8",,"0,8"
17/09/2025,800,"21,7","21,8","21,3","100,0","100,0","100,0","21,7","21,8","21,3","1006,6","1006,6","1005,9","0,3","8,0","2,4",,"0,2"
17/09/2025,900,"22,8","22,8","21,7","99,0","100,0","99,0","22,8","22,8","21,7","1007,2","1007,2","1006,5","1,5","98,0","3,8","95,20","0,0"
17/09/2025,1000,"25,2","25,2","22,9","89,0","100,0","88,0","23,2","23,3","22,3","1007,7","1007,7","1007,2","1,5","112,0","4,2","736,20","0,0"
17/09/2025,1100,"25,4","26,3","24,9","85,0","89,0","79,0","22,7","23,6","21,8","1008,1","1008,1","1007,7","4,6","96,0","7,9","1648,00","0,0"
17/09/2025,1200,"26,7","27,2","25,2","78,0","85,0","76,0","22,6","23,1","22,0","1008,3","1008,4","1008,1","3,9","102,0","7,6","2354,70","0,0"
17/09/2025,1300,"26,5","27,5","25,6","77,0","84,0","74,0","22,1","23,6","22,1","1008,0","1008,3","1008,0","4,8","96,0","7,4","1913,20","0,0"
17/09/2025,1400,"27,7","28,3","26,1","70,0","81,0","69,0","21,7","22,9","21,5","1007,3","1008,0","1007,2","4,6","82,0","8,1","2879,30","0,0"
17/09/2025,1500,"26,8","27,6","26,5","71,0","74,0","69,0","21,2","22,1","20,8","1006,4","1007,3","1006,4","4,5","99,0","8,4","1909,10","0,0"
17/09/2025,1600,"25,8","28,3","25,8","78,0","79,0","68,0","21,6","22,7","21,2","1005,6","1006,4","1005,6","4,8","99,0","8,9","1599,70","0,0"
17/09/2025,1700,"26,0","26,4","25,8","78,0","79,0","74,0","21,9","22,1","21,1","1005,0","1005,6","1004,9","3,8","92,0","7,8","943,50","0,0"
17/09/2025,1800,"25,5","25,9","24,8","79,0","85,0","78,0","21,6","22,5","21,6","1005,0","1005,0","1004,9","4,3","104,0","8,1","659,80","0,0"
17/09/2025,1900,"25,5","26,0","25,5","79,0","80,0","75,0","21,6","21,8","21,0","1005,5","1005,5","1005,0","4,5","96,0","7,5","594,60","0,0"
17/09/2025,2000,"24,9","25,5","24,9","78,0","80,0","78,0","20,8","21,6","20,8","1006,1","1006,1","1005,4","3,1","105,0","7,5","163,50","0,0"
17/09/2025,2100,"23,6","24,9","23,6","84,0","84,0","78,0","20,8","20,9","20,6","1006,5","1006,5","1006,1","1,7","107,0","5,5","0,80","0,0"
17/09/2025,2200,"23,6","23,7","23,1","87,0","88,0","84,0","21,2","21,2","20,8","1007,0","1007,0","1006,5","1,5","113,0","3,5",,"0,0"
17/09/2025,2300,"23,7","23,9","23,5","85,0","87,0","84,0","21,0","21,3","21,0","1007,4","1007,4","1007,0","1,8","118,0","4,0",,"0,0"
18/09/2025,0,"22,9","23,8","22,9","89,0","89,0","85,0","21,1","21,3","20,9","1008,0","1008,0","1007,4","1,6","104,0","4,1",,"0,0"
18/09/2025,100,"23,4","23,4","22,9","87,0","90,0","87,0","21,0","21,2","20,9","1008,4","1008,5","1008,0","1,9","98,0","3,7",,"0,0"
18/09/2025,200,"22,7","23,4","22,7","91,0","91,0","86,0","21,1","21,1","20,9","1008,0","1008,4","1008,0","0,7","69,0","3,2",,"0,0"
18/09/2025,300,"21,8","22,7","21,8","95,0","96,0","91,0","21,1","21,2","20,9","1007,6","1008,0","1007,5","0,5","311,0","1,5",,"0,0"
18/09/2025,400,"21,1","21,8","21,1","98,0","98,0","95,0","20,8","21,1","20,8","1006,7","1007,6","1006,7","0,6","267,0","1,1",,"0,0"
18/09/2025,500,"20,5","21,1","20,5","100,0","100,0","98,0","20,5","20,7","20,5","1006,1","1006,7","1006,1","0,5","266,0","1,0",,"0,0"
18/09/2025,600,"20,2","20,6","20,1","100,0","100,0","100,0","20,2","20,6","20,1","1005,7","1006,1","1005,7","0,7","259,0","1,1",,"0,0"
18/09/2025,700,"19,9","20,3","19,8","100,0","100,0","100,0","19,9","20,3","19,8","1005,8","1005,8","1005,7","0,4","263,0","1,4",,"0,0"
18/09/2025,800,"20,3","20,4","19,7","100,0","100,0","100,0","20,3","20,4","19,7","1006,2","1006,2","1005,7","0,7","281,0","1,3",,"0,0"
18/09/2025,900,"20,8","20,8","19,8",,"100,0","100,0",,"20,7","19,8","1007,1","1007,1","1006,2","0,6","248,0","1,2","94,50","0,0"
18/09/2025,1000,"24,4","24,4","20,8","89,0","100,0","88,0","22,4","23,2","21,2","1007,7","1007,7","1007,1","0,9","14,0","1,6","802,90","0,0"
18/09/2025,1100,"25,8","26,7","24,4","79,0","89,0","77,0","21,8","23,5","21,8","1008,3","1008,3","1007,7","2,7","73,0","5,1","1460,70","0,0"
18/09/2025,1200,"26,9","27,8","25,5","74,0","79,0","68,0","22,0","22,3","20,8","1008,6","1008,7","1008,3","3,6","91,0","6,4","1874,20","0,0"
18/09/2025,1300,"27,0","28,1","26,6","67,0","74,0","64,0","20,3","22,3","20,0","1008,3","1008,6","1008,2","4,3","101,0","7,1","2570,90","0,0"
18/09/2025,1400,"28,4","28,7","27,0","66,0","71,0","62,0","21,4","22,5","20,4","1007,8","1008,3","1007,8","4,1","91,0","8,4","3406,30","0,0"
18/09/2025,1500,"28,2","28,7","26,9","69,0","73,0","63,0","22,0","22,4","20,4","1006,9","1007,8","1006,9","4,7","88,0","8,9","2890,50","0,0"
18/09/2025,1600,"28,1","28,4","27,2","68,0","71,0","66,0","21,5","22,5","21,0","1006,1","1006,9","1006,1","4,5","106,0","8,8","3108,80","0,0"
18/09/2025,1700,"26,6","28,5","26,6","72,0","75,0","66,0","21,0","22,5","21,0","1005,7","1006,1","1005,6","3,6","123,0","8,1","1935,30","0,0"
18/09/2025,1800,"26,3","27,7","26,3","73,0","76,0","67,0","21,1","22,3","20,3","1005,9","1005,9","1005,6","4,0","105,0","7,8","1513,70","0,0"
18/09/2025,1900,"26,0","26,7","26,0","73,0","78,0","72,0","20,8","21,8","20,8","1006,2","1006,2","1005,9","4,2","96,0","8,2","456,00","0,0"
18/09/2025,2000,"25,1","26,0","25,0","82,0","83,0","73,0","21,9","21,9","20,9","1006,7","1006,7","1006,2","2,7","108,0","7,1","165,00","0,0"
18/09/2025,2100,"24,7","25,1","24,7","86,0","86,0","82,0","22,2","22,2","21,9","1007,0","1007,1","1006,7","1,9","115,0","5,3","2,40","0,0"
18/09/2025,2200,"24,5","24,8","24,4","87,0","87,0","85,0","22,1","22,2","22,0","1007,5","1007,5","1007,0","1,9","109,0","4,6",,"0,0"
18/09/2025,2300,"24,5","24,7","24,4","84,0","88,0","83,0","21,7","22,3","21,6","1008,2","1008,2","1007,5","3,8","98,0","6,2",,"0,0"
19/09/2025,0,"24,2","24,6","24,2","86,0","86,0","84,0","21,7","21,8","21,6","1008,8","1008,8","1008,2","2,5","99,0","6,2",,"0,0"
19/09/2025,100,"24,5","24,7","24,1","87,0","87,0","85,0","22,1","22,2","21,7","1009,0","1009,1","1008,8","2,7","110,0","5,6",,"0,0"
19/09/2025,200,"23,9","24,5","23,8","88,0","89,0","85,0","21,8","22,1","21,7","1008,5","1009,0","1008,5","2,3","102,0","6,1",,"0,0"
19/09/2025,300,"22,8","24,1","22,8","94,0","94,0","88,0","21,7","22,0","21,7","1007,8","1008,5","1007,8","1,3","87,0","4,5",,"0,0"
19/09/2025,400,"22,8","23,0","22,7","95,0","95,0","93,0","21,9","22,0","21,6","1007,3","1007,8","1007,3","0,9","23,0","3,3",,"0,0"
19/09/2025,500,"23,0","23,1","22,7","97,0","98,0","95,0","22,5","22,6","21,9","1006,8","1007,3","1006,7","1,5","117,0","3,6",,"0,2"
19/09/2025,600,"22,6","23,0","22,6","99,0","99,0","97,0","22,5","22,6","22,3","1006,6","1006,9","1006,6","0,2","17,0","3,6",,"0,0"
19/09/2025,700,"22,3","22,7","22,3","100,0","100,0","99,0","22,3","22,7","22,3","1006,8","1006,8","1006,6","0,8","65,0","2,3",,"0,6"
19/09/2025,800,"22,8","22,9","22,2","95,0","100,0","95,0","22,0","22,7","21,9","1007,4","1007,4","1006,7","2,8","112,0","7,5",,"0,0"
19/09/2025,900,"23,2","23,2","22,6","97,0","97,0","95,0","22,7","22,7","21,9","1008,1","1008,1","1007,4","2,4","129,0","5,5","107,40","0,2"
19/09/2025,1000,"23,4","23,6","23,1","96,0","97,0","96,0","22,7","23,0","22,6","1009,0","1009,0","1008,1","3,1","102,0","7,1","314,40","0,4"
19/09/2025,1100,"25,1","25,1","23,3","85,0","98,0","85,0","22,3","23,9","22,2","1009,5","1009,5","1009,0","5,0","100,0","10,0","742,40","1,0"
19/09/2025,1200,"26,6","26,6","25,1","77,0","86,0","76,0","22,1","22,8","21,7","1010,0","1010,0","1009,5","5,4","95,0","10,0","1758,00","0,0"
19/09/2025,1300,"26,2","27,1","25,8","75,0","78,0","72,0","21,5","22,5","21,1","1009,7","1010,0","1009,7","5,5","115,0","9,5","1899,80","0,0"
19/09/2025,1400,"26,7","27,7","26,0","70,0","78,0","68,0","20,7","22,5","20,7","1009,2","1009,7","1009,2","5,2","98,0","9,5","2263,70","0,0"
19/09/2025,1500,"27,6","28,0","26,4","69,0","75,0","68,0","21,4","22,6","20,6","1008,6","1009,2","1008,6","3,9","120,0","9,2","2473,50","0,0"
19/09/2025,1600,"26,4","28,1","26,3","73,0","73,0","66,0","21,1","22,2","20,4","1008,0","1008,6","1008,0","4,8","106,0","8,5","2218,00","0,0"
19/09/2025,1700,"27,5","28,0","26,4","69,0","74,0","67,0","21,2","22,2","20,4","1007,4","1008,0","1007,4","4,7","107,0","8,5","2160,70","0,0"
19/09/2025,1800,"26,6","27,7","26,2","76,0","76,0","67,0","22,0","22,2","20,8","1007,1","1007,4","1007,1","3,7","118,0","7,9","1386,30","0,0"
19/09/2025,1900,"26,1","27,3","26,0","78,0","79,0","72,0","22,0","22,5","21,4","1007,1","1007,2","1006,8","4,4","94,0","7,7","672,20","0,0"
19/09/2025,2000,"25,0","26,1","25,0","81,0","81,0","75,0","21,6","21,9","20,9","1007,5","1007,6","1007,1","3,2","101,0","8,2","177,50","0,0"
19/09/2025,2100,"24,5","25,0","24,4","83,0","86,0","81,0","21,3","21,9","21,3","1008,1","1008,1","1007,5","2,9","95,0","7,0","5,20","0,0"
19/09/2025,2200,"24,3","24,6","24,2","86,0","86,0","82,0","21,9","21,9","21,2","1008,6","1008,6","1008,1","1,6","83,0","4,7",,"0,0"
19/09/2025,2300,"24,6","24,7","24,3","84,0","86,0","83,0","21,8","21,9","21,6","1009,3","1009,3","1008,6","1,5","93,0","3,9",,"0,0"
20/09/2025,0,"23,5","24,6","23,4","95,0","95,0","84,0","22,7","22,7","21,8","1009,8","1009,8","1009,3","1,5","74,0","4,0",,"0,0"
20/09/2025,100,"24,0","24,2","23,5","86,0","95,0","85,0","21,5","22,7","21,4","1009,8","1009,9","1009,7","3,0","89,0","6,2",,"0,0"
20/09/2025,200,"23,6","24,1","23,6","88,0","88,0","85,0","21,5","21,8","21,4","1009,3","1009,8","1009,3","2,6","91,0","6,0",,"0,0"
20/09/2025,300,"23,0","23,6","22,9","88,0","88,0","87,0","20,8","21,5","20,8","1008,7","1009,2","1008,7","2,3","94,0","5,2",,"0,0"
20/09/2025,400,"22,0","23,0","22,0","93,0","93,0","88,0","20,9","21,0","20,7","1008,0","1008,7","1008,0","1,4","76,0","4,1",,"0,0"
20/09/2025,500,"21,8","22,5","21,7","95,0","95,0","92,0","20,8","21,2","20,8","1007,5","1008,0","1007,5","0,9","28,0","2,3",,"0,0"
20/09/2025,600,"21,0","21,8","21,0","99,0","99,0","95,0","20,8","21,0","20,7","1007,2","1007,5","1007,2","0,6","6,0","1,2",,"0,0"
20/09/2025,700,"20,7","21,0","20,4","100,0","100,0","99,0","20,7","20,9","20,3","1007,3","1007,3","1007,1","0,4","298,0","1,3",,"0,0"
20/09/2025,800,"20,4","20,7","20,3","100,0","100,0","100,0","20,4","20,7","20,3","1007,7","1007,7","1007,2","0,4","296,0","1,2",,"0,0"
20/09/2025,900,"22,8","22,8","20,4","98,0","100,0","97,0","22,4","22,6","20,4","1008,5","1008,5","1007,7","0,5","307,0","1,7","224,00","0,0"
20/09/2025,1000,"25,3","25,3","22,8","84,0","98,0","84,0","22,5","22,8","21,8","1009,1","1009,1","1008,5","2,2","35,0","3,6","1010,90","0,0"
20/09/2025,1100,"27,4","27,5","25,3","72,0","85,0","72,0","21,8","22,8","21,6","1009,4","1009,4","1009,1","2,7","49,0","6,3","1850,70","0,0"
20/09/2025,1200,"27,9","28,2","26,9","65,0","74,0","63,0","20,6","22,3","20,4","1009,4","1009,5","1009,3","4,2","67,0","7,0","2443,90","0,0"
20/09/2025,1300,"28,6","29,0","27,6","56,0","68,0","56,0","19,0","21,6","19,0","1008,9","1009,4","1008,9","4,6","62,0","8,5","3050,60","0,0"
20/09/2025,1400,"29,2","30,1","28,2","52,0","61,0","47,0","18,3","20,2","17,4","1008,1","1008,9","1008,1","4,8","52,0","9,3","3558,40","0,0"
20/09/2025,1500,"29,2","29,7","28,3","61,0","62,0","47,0","20,9","21,1","17,0","1007,3","1008,1","1007,3","3,9","75,0","7,9","3372,70","0,0"
20/09/2025,1600,"28,5","29,5","27,8","64,0","67,0","60,0","21,1","21,8","20,6","1006,3","1007,3","1006,2","4,1","89,0","9,0","2882,70","0,0"
20/09/2025,1700,"28,3","29,0","27,5","63,0","68,0","63,0","20,7","21,9","20,6","1006,0","1006,3","1006,0","4,6","66,0","8,3","2381,10","0,0"
20/09/2025,1800,"27,2","28,5","27,1","68,0","69,0","62,0","20,7","21,3","20,1","1006,1","1006,1","1005,9","4,4","82,0","8,3","1780,00","0,0"
20/09/2025,1900,"26,2","27,6","26,1","75,0","76,0","66,0","21,4","21,6","20,4","1006,3","1006,3","1006,0","4,9","76,0","8,6","491,40","0,0"
20/09/2025,2000,"25,2","26,4","25,2","81,0","81,0","74,0","21,7","21,8","21,3","1006,5","1006,6","1006,3","3,5","64,0","7,9","177,70","0,0"
20/09/2025,2100,"24,5","25,2","24,4","84,0","84,0","80,0","21,7","21,7","21,4","1007,0","1007,0","1006,5","3,0","70,0","6,8","1,20","0,0"
20/09/2025,2200,"23,9","24,5","23,8","87,0","88,0","84,0","21,6","21,8","21,6","1007,5","1007,5","1006,9","2,3","63,0","4,9",,"0,0"
20/09/2025,2300,"23,0","23,9","23,0","92,0","92,0","87,0","21,6","21,7","21,5","1008,1","1008,1","1007,4","1,0","51,0","3,5",,"0,0"
21/09/2025,0,"22,5","23,1","22,5","96,0","96,0","92,0","21,8","21,9","21,5","1008,6","1008,6","1008,1","1,4","36,0","2,5",,"0,0"
21/09/2025,100,"22,5","22,7","22,4","95,0","96,0","95,0","21,7","21,9","21,5","1008,6","1008,8","1008,6","2,0","50,0","2,8",,"0,0"
21/09/2025,200,"21,7","22,5","21,7","97,0","97,0","95,0","21,2","21,7","21,1","1008,4","1008,7","1008,4","1,6","52,0","2,8",,"0,0"
21/09/2025,300,"21,3","21,7","21,2","98,0","98,0","97,0","21,0","21,3","20,9","1007,4","1008,4","1007,4","0,8","38,0","2,1",,"0,0"
21/09/2025,400,,,,,,,,,,,,,,,,,
21/09/2025,500,"21,1","21,2","21,0","100,0","100,0","99,0","21,0","21,2","20,9","1006,3","1006,6","1006,3","0,8","355,0","2,3",,"0,0"
21/09/2025,600,"20,8","21,1","20,8","100,0","100,0","99,0","20,8","21,0","20,7","1006,6","1006,7","1006,3","0,4","337,0","1,2",,"0,0"
21/09/2025,700,"20,7","20,9","20,5","100,0","100,0","100,0","20,7","20,9","20,5","1006,7","1006,8","1006,5","0,4","360,0","1,5",,"0,0"
21/09/2025,800,"20,9","20,9","20,4","100,0","100,0","100,0","20,9","20,9","20,4","1006,9","1006,9","1006,6","0,4","9,0","1,6",,"0,0"
21/09/2025,900,"22,1","22,1","20,9","100,0","100,0","100,0","22,1","22,1","20,9","1007,6","1007,6","1006,9","0,3","315,0","1,8","129,80","0,0"
21/09/2025,1000,"24,0","24,1","22,1","92,0","100,0","92,0","22,5","23,3","22,2","1008,1","1008,1","1007,6","0,9","24,0","2,4","626,30","0,0"
21/09/2025,1100,"26,1","27,2","24,0","77,0","92,0","74,0","21,8","23,9","21,5","1008,6","1008,6","1008,1","4,2","77,0","6,8","1150,00","0,0"
21/09/2025,1200,"28,7","29,0","26,0","60,0","78,0","57,0","20,2","22,7","19,3","1008,5","1008,8","1008,5","4,1","68,0","7,4","2173,90","0,0"
21/09/2025,1300,"28,0","29,4","27,6","69,0","69,0","57,0","21,8","22,0","19,5","1008,6","1008,7","1008,4","4,0","91,0","7,9","2682,70","0,0"
21/09/2025,1400,"28,0","28,9","27,2","67,0","71,0","64,0","21,2","22,5","20,5","1008,0","1008,6","1008,0","4,7","90,0","8,7","2167,10","0,0"
21/09/2025,1500,"28,5","28,8","26,9","67,0","75,0","65,0","21,8","22,5","20,9","1007,1","1008,0","1007,1","4,5","84,0","8,3","1764,70","0,0"
21/09/2025,1600,"27,3","28,7","27,3","69,0","72,0","62,0","21,0","22,4","20,4","1006,3","1007,1","1006,3","5,4","95,0","9,5","2455,40","0,0"
21/09/2025,1700,"28,4","28,7","27,1","64,0","70,0","57,0","21,0","21,2","18,8","1005,0","1006,3","1005,0","4,8","79,0","9,5","2557,80","0,0"
21/09/2025,1800,"27,8","28,9","27,2","69,0","71,0","61,0","21,5","21,9","20,4","1004,8","1005,0","1004,8","5,3","65,0","9,6","1890,00","0,0"
21/09/2025,1900,"26,5","27,7","26,3","77,0","77,0","68,0","22,2","22,5","21,1","1004,8","1004,9","1004,8","4,9","70,0","9,5","406,10","0,0"
21/09/2025,2000,"25,1","26,7","25,1","84,0","84,0","77,0","22,3","22,5","22,0","1005,1","1005,2","1004,8","3,5","81,0","8,7","167,30","0,0"
21/09/2025,2100,"24,3","25,1","24,3","88,0","88,0","84,0","22,3","22,5","22,2","1005,4","1005,4","1005,1","2,9","70,0","6,9","1,40","0,0"
21/09/2025,2200,"23,9","24,4","23,7","88,0","89,0","88,0","21,9","22,3","21,8","1005,9","1005,9","1005,4","2,5","74,0","5,2",,"0,0"
21/09/2025,2300,"23,7","24,0","23,5","89,0","90,0","88,0","21,8","22,0","21,7","1006,8","1006,8","1005,9","1,9","70,0","4,6",,"0,0"
22/09/2025,0,"23,6","24,0","23,3","90,0","91,0","88,0","21,9","21,9","21,7","1007,4","1007,4","1006,8","2,4","44,0","4,0",,"0,0"
22/09/2025,100,"22,9","23,6","22,9","95,0","95,0","90,0","22,0","22,1","21,9","1007,4","1007,5","1007,4","1,5","26,0","3,9",,"0,0"
22/09/2025,200,"22,5","22,9","22,5","96,0","96,0","95,0","21,8","22,0","21,8","1007,1","1007,4","1007,1","1,1","36,0","3,1",,"0,0"
22/09/2025,300,"22,4","22,6","22,3","97,0","97,0","96,0","21,8","21,9","21,6","1006,7","1007,1","1006,6","0,3","7,0","2,7",,"0,0"
22/09/2025,400,"23,0","23,0","22,4","95,0","97,0","95,0","22,1","22,1","21,7","1006,1","1006,7","1006,1","1,5","70,0","3,0",,"0,0"
22/09/2025,500,"22,9","23,6","22,9","93,0","95,0","91,0","21,7","22,4","21,7","1006,0","1006,1","1005,9","1,8","47,0","5,3",,"0,0"
22/09/2025,600,"21,8","22,9","21,8","98,0","98,0","93,0","21,4","21,8","21,3","1006,2","1006,2","1006,0","0,5","352,0","3,4",,"0,0"
22/09/2025,700,"21,0","21,8","21,0","100,0","100,0","98,0","21,0","21,6","21,0","1006,3","1006,3","1006,2","0,4","74,0","1,1",,"0,0"
22/09/2025,800,"20,9","21,1","20,7","100,0","100,0","100,0","20,9","21,1","20,7","1006,7","1006,7","1006,3","0,4","312,0","0,8",,"0,0"
22/09/2025,900,"21,8","21,8","20,8","100,0","100,0","100,0","21,8","21,8","20,8","1007,3","1007,3","1006,7","0,2","44,0","1,8","120,00","0,0"
22/09/2025,1000,"24,9","25,4","21,8","87,0","100,0","86,0","22,6","24,1","21,8","1008,0","1008,0","1007,3","2,0","65,0","3,3","763,60","0,0"
22/09/2025,1100,"27,1","27,8","24,9","75,0","89,0","72,0","22,4","23,7","22,1","1008,4","1008,5","1008,0","4,9","66,0","8,9","1420,60","0,0"
22/09/2025,1200,"28,4","28,4","26,6","73,0","77,0","70,0","23,2","23,2","21,7","1008,6","1008,7","1008,4","4,8","65,0","8,5","2083,10","0,0"
22/09/2025,1300,"29,2","29,5","27,4","65,0","74,0","64,0","21,9","23,3","21,5","1008,3","1008,6","1008,2","4,7","65,0","9,1","3001,90","0,0"
22/09/2025,1400,"29,2","29,6","27,6","63,0","74,0","63,0","21,5","23,0","21,3","1007,5","1008,3","1007,5","4,5","78,0","10,1","2879,40","0,0"
22/09/2025,1500,"29,2","30,0","28,3","62,0","71,0","58,0","21,2","23,0","20,1","1006,7","1007,5","1006,7","4,9","65,0","8,5","3114,70","0,0"
22/09/2025,1600,"29,2","30,2","27,9","67,0","70,0","57,0","22,4","22,7","20,6","1006,0","1006,7","1006,0","4,3","79,0","8,8","2899,20","0,0"
22/09/2025,1700,"28,8","29,8","27,8","68,0","71,0","62,0","22,4","22,4","20,8","1005,4","1006,0","1005,4","4,9","77,0","8,1","2428,20","0,0"
22/09/2025,1800,"27,9","29,1","27,3","69,0","72,0","63,0","21,7","22,7","20,7","1005,1","1005,4","1005,1","5,5","66,0","9,7","1985,40","0,0"
22/09/2025,1900,"26,7","28,4","26,7","77,0","78,0","64,0","22,3","22,7","20,7","1005,5","1005,6","1005,0","4,9","85,0","9,7","436,10","0,0"
22/09/2025,2000,"25,5","26,7","25,5","83,0","83,0","77,0","22,4","22,8","21,9","1006,0","1006,0","1005,5","4,3","54,0","8,6","161,30","0,0"
22/09/2025,2100,"24,8","25,5","24,7","87,0","87,0","83,0","22,5","22,6","22,3","1006,4","1006,4","1006,0","3,6","58,0","6,9","1,20","0,0"
22/09/2025,2200,"24,0","24,9","24,0","91,0","91,0","87,0","22,5","22,5","22,4","1006,9","1006,9","1006,4","2,9","51,0","6,1",,"0,0"
22/09/2025,2300,"23,4","24,0","23,4","95,0","95,0","91,0","22,6","22,7","22,4","1007,4","1007,4","1006,9","2,4","35,0","4,0",,"0,0"
23/09/2025,0,"23,1","23,4","22,9","97,0","98,0","95,0","22,5","22,7","22,5","1007,8","1007,8","1007,4","2,1","44,0","4,1",,"0,0"
23/09/2025,100,"22,6","23,1","22,6","99,0","99,0","97,0","22,4","22,5","22,3","1007,9","1008,0","1007,8","2,1","28,0","3,5",,"0,0"
23/09/2025,200,"22,3","22,7","22,3","100,0","100,0","99,0","22,3","22,5","22,2","1007,5","1008,0","1007,5","1,6","29,0","2,9",,"0,0"
23/09/2025,300,"22,3","22,4","22,2","100,0","100,0","100,0","22,3","22,4","22,2","1007,2","1007,5","1007,2","0,7","338,0","2,5",,"0,0"
23/09/2025,400,"22,1","22,3","21,9","100,0","100,0","100,0","22,1","22,3","21,9","1007,1","1007,2","1007,0","0,4","156,0","1,5",,"0,0"
23/09/2025,500,"22,2","22,2","22,0","100,0","100,0","100,0","22,2","22,2","22,0","1006,8","1007,1","1006,8","1,1","36,0","1,7",,"0,0"
23/09/2025,600,"21,7","22,2","21,6","100,0","100,0","100,0","21,7","22,2","21,6","1006,4","1006,8","1006,4","1,1","38,0","2,4",,"0,0"
23/09/2025,700,"21,9","22,0","21,6","100,0","100,0","100,0","21,9","22,0","21,6","1006,7","1006,7","1006,3","1,2","40,0","2,8",,"0,0"
23/09/2025,800,"21,5","22,0","21,5","100,0","100,0","100,0","21,5","22,0","21,5","1007,5","1007,5","1006,7","1,1","2,0","2,1",,"0,0"
23/09/2025,900,"22,7","22,8","21,4","100,0","100,0","100,0","22,7","22,7","21,4","1008,5","1008,5","1007,5","0,3","35,0","2,8","144,00","0,0"
23/09/2025,1000,"24,7","24,7","22,4","93,0","100,0","92,0","23,5","23,7","22,4","1009,3","1009,3","1008,5","1,8","46,0","3,2","597,00","0,0"
23/09/2025,1100,"26,7","27,3","24,5","78,0","93,0","76,0","22,5","23,9","22,4","1009,7","1009,7","1009,3","5,6","52,0","8,3","1691,30","0,2"
23/09/2025,1200,"27,7","28,3","26,6","71,0","80,0","69,0","21,9","23,1","21,7","1010,1","1010,2","1009,7","5,0","75,0","8,9","1568,90","0,0"
23/09/2025,1300,"28,5","29,2","27,4","69,0","72,0","65,0","22,4","22,5","21,0","1010,0","1010,3","1010,0","5,3","82,0","9,7","2236,30","0,0"
23/09/2025,1400,"28,8","29,5","28,2","64,0","72,0","62,0","21,3","22,9","21,2","1009,6","1010,0","1009,5","6,3","66,0","10,4","3321,10","0,0"
23/09/2025,1500,"29,2","29,6","28,4","61,0","68,0","61,0","21,0","22,6","20,9","1008,8","1009,6","1008,8","6,0","78,0","11,1","3636,70","0,0"
23/09/2025,1600,"28,6","30,0","28,3","64,0","67,0","59,0","21,2","21,9","20,6","1007,8","1008,8","1007,8","6,6","66,0","10,6","3113,50","0,0"
23/09/2025,1700,"28,6","29,4","28,5","66,0","68,0","61,0","21,6","22,4","20,9","1007,7","1007,8","1007,6","6,9","66,0","11,6","2730,40","0,0"
23/09/2025,1800,"27,9","28,9","27,5","67,0","73,0","65,0","21,3","22,4","20,9","1007,3","1007,7","1007,3","6,1","56,0","10,4","1655,80","0,0"
23/09/2025,1900,"27,0","28,1","26,9","73,0","73,0","66,0","21,8","22,1","21,0","1007,4","1007,4","1007,2","5,9","57,0","9,7","361,30","0,0"
23/09/2025,2000,"25,5","27,0","25,5","80,0","80,0","73,0","21,8","22,1","21,2","1007,8","1007,8","1007,4","3,6","54,0","9,4","136,50","0,0"
23/09/2025,2100,"24,6","25,5","24,6","85,0","85,0","80,0","21,9","22,1","21,8","1008,2","1008,2","1007,8","3,1","55,0","6,7","1,30","0,0"
23/09/2025,2200,"23,7","24,6","23,7","90,0","90,0","85,0","21,9","22,0","21,9","1008,9","1008,9","1008,2","1,6","51,0","5,0",,"0,0"
23/09/2025,2300,"23,5","23,7","23,5","92,0","92,0","90,0","22,1","22,2","21,9","1009,4","1009,4","1008,9","1,5","43,0","3,0",,"0,0"
24/09/2025,0,"23,2","23,5","23,1","94,0","94,0","92,0","22,2","22,2","21,9","1009,7","1009,7","1009,4","1,4","16,0","2,3",,"0,0"
24/09/2025,100,"23,0","23,2","22,7","97,0","97,0","94,0","22,6","22,6","21,9","1009,9","1009,9","1009,7","0,5","43,0","2,0",,"0,0"
24/09/2025,200,"23,0","23,4","22,9","99,0","99,0","97,0","22,8","23,3","22,4","1009,6","1009,9","1009,5","2,0","34,0","3,4",,"1,0"
24/09/2025,300,"23,5","23,5","23,0","98,0","100,0","98,0","23,2","23,2","22,8","1009,0","1009,6","1009,0","2,2","74,0","4,1",,"0,0"
24/09/2025,400,"23,9","23,9","23,5","94,0","98,0","94,0","23,0","23,2","22,8","1008,2","1009,0","1008,2","2,8","75,0","5,2",,"0,0"
24/09/2025,500,"23,7","24,0","23,7","92,0","94,0","92,0","22,4","22,9","22,4","1008,0","1008,3","1008,0","2,4","74,0","5,6",,"0,0"
24/09/2025,600,"23,8","24,0","23,7","93,0","93,0","91,0","22,5","22,5","22,3","1008,1","1008,1","1008,0","2,0","80,0","4,7",,"0,0"
24/09/2025,700,"23,6","24,1","23,6","93,0","93,0","92,0","22,3","22,7","22,3","1008,4","1008,4","1008,1","1,5","73,0","4,5",,"0,0"
24/09/2025,800,"22,6","23,6","22,6","97,0","97,0","93,0","22,0","22,4","22,0","1008,8","1008,8","1008,4","0,6","35,0","3,4",,"0,0"
24/09/2025,900,"24,0","24,0","22,6","94,0","98,0","94,0","23,0","23,1","22,1","1009,4","1009,4","1008,8","1,4","103,0","2,9","109,90","0,0"
24/09/2025,1000,"25,8","26,2","24,0","84,0","94,0","84,0","23,0","23,8","22,9","1010,2","1010,2","1009,4","2,6","97,0","5,5","660,40","0,0"
24/09/2025,1100,"27,6","27,7","25,8","75,0","85,0","74,0","22,8","23,3","22,0","1010,8","1010,8","1010,1","2,7","99,0","5,9","1729,10","0,0"
24/09/2025,1200,"27,3","27,9","26,3","75,0","80,0","72,0","22,6","22,9","21,6","1011,3","1011,4","1010,8","4,6","90,0","8,8","1441,70","0,0"
24/09/2025,1300,"28,7","28,7","25,8","73,0","87,0","73,0","23,3","23,9","22,2","1011,2","1011,4","1011,2","4,3","102,0","8,1","1898,80","0,0"
24/09/2025,1400,"29,2","29,3","27,1","62,0","79,0","61,0","21,0","23,4","21,0","1010,6","1011,3","1010,6","5,5","89,0","8,5","2958,00","0,0"
24/09/2025,1500,"27,4","29,3","27,4","74,0","74,0","59,0","22,4","23,0","20,3","1010,2","1010,7","1010,2","4,6","110,0","8,7","3166,80","0,0"
24/09/2025,1600,"25,9","28,0","25,9","81,0","85,0","70,0","22,4","23,4","21,7","1009,8","1010,2","1009,5","4,4","121,0","10,5","1341,10","0,4"
24/09/2025,1700,"26,5","27,7","24,3","80,0","92,0","78,0","22,8","24,6","20,5","1009,2","1009,8","1009,1","5,9","98,0","10,5","1825,70","0,4"
24/09/2025,1800,"27,0","27,6","26,5","76,0","81,0","74,0","22,5","23,3","21,6","1009,2","1009,3","1009,1","4,9","105,0","10,1","1444,90","0,0"
24/09/2025,1900,"26,2","27,4","26,2","78,0","78,0","71,0","22,2","22,6","21,3","1009,5","1009,6","1009,1","5,0","100,0","10,2","598,40","0,0"
24/09/2025,2000,"25,5","26,3","25,5","81,0","82,0","78,0","22,1","22,7","21,9","1009,8","1009,8","1009,5","4,6","105,0","8,8","181,20","0,0"
24/09/2025,2100,"25,2","25,5","25,1","84,0","85,0","81,0","22,4","22,5","22,1","1010,2","1010,2","1009,8","2,9","107,0","8,0","0,80","0,0"
24/09/2025,2200,"25,3","25,3","25,1","78,0","84,0","78,0","21,1","22,4","21,1","1010,6","1010,6","1010,2","4,4","103,0","7,9",,"0,0"
24/09/2025,2300,"25,1","25,3","25,1","81,0","81,0","78,0","21,7","21,7","21,1","1011,1","1011,2","1010,6","4,0","107,0","7,5",,"0,0"
25/09/2025,0,"24,9","25,1","24,7","83,0","83,0","81,0","21,8","21,8","21,5","1011,4","1011,4","1011,1","3,6","108,0","7,7",,"0,0"
25/09/2025,100,"24,7","25,2","24,6","80,0","83,0","80,0","21,1","21,9","21,0","1011,4","1011,6","1011,4","3,8","102,0","8,2",,"0,0"
25/09/2025,200,"24,8","24,8","24,5","80,0","82,0","80,0","21,1","21,4","21,1","1010,8","1011,4","1010,8","3,7","109,0","7,2",,"0,0"
25/09/2025,300,"24,5","24,8","24,3","83,0","83,0","80,0","21,4","21,4","21,0","1009,9","1010,8","1009,9","3,4","106,0","7,7",,"0,0"
25/09/2025,400,"24,4","24,6","24,1","83,0","85,0","82,0","21,3","21,8","21,1","1009,1","1009,9","1009,1","3,8","108,0","7,6",,"0,0"
25/09/2025,500,"24,1","24,4","24,1","84,0","85,0","83,0","21,2","21,6","21,1","1008,9","1009,2","1008,8","2,9","105,0","6,6",,"0,0"
25/09/2025,600,"24,0","24,4","24,0","84,0","85,0","83,0","21,2","21,5","21,2","1008,8","1009,0","1008,8","3,3","103,0","6,7",,"0,0"
25/09/2025,700,"23,1","24,0","23,1","89,0","89,0","84,0","21,2","21,3","21,0","1008,6","1008,8","1008,6","1,9","97,0","5,4",,"0,0"
25/09/2025,800,"23,8","23,8","23,0","88,0","90,0","86,0","21,6","21,6","21,2","1009,0","1009,0","1008,6","2,2","111,0","4,2",,"0,0"
25/09/2025,900,"24,4","24,5","23,4","84,0","89,0","84,0","21,5","21,8","21,4","1009,2","1009,3","1009,0","2,7","120,0","4,9","185,40","0,0"
25/09/2025,1000,"25,9","26,0","24,1","78,0","86,0","78,0","21,8","22,3","21,4","1009,6","1009,6","1009,2","4,2","113,0","8,1","611,70","0,0"
25/09/2025,1100,"26,1","27,3","25,2","76,0","81,0","71,0","21,5","22,4","21,1","1010,1","1010,1","1009,6","4,4","107,0","8,6","1441,60","0,0"
25/09/2025,1200,"26,6","27,3","25,4","68,0","85,0","67,0","20,3","23,2","20,0","1010,2","1010,3","1010,0","5,1","115,0","10,1","1748,60","0,0"
25/09/2025,1300,"28,3","28,3","26,5","66,0","70,0","62,0","21,4","21,4","19,5","1009,7","1010,3","1009,7","4,7","113,0","10,1","3064,70","0,0"
25/09/2025,1400,"28,5","28,5","27,3","64,0","71,0","63,0","21,2","22,2","20,3","1009,0","1009,7","1009,0","5,0","109,0","8,9","3305,70","0,0"
25/09/2025,1500,"28,0","29,0","26,9","64,0","72,0","59,0","20,5","22,0","19,0","1008,1","1009,0","1008,1","5,1","109,0","11,0","3146,90","0,0"
25/09/2025,1600,"27,8","29,1","27,7","61,0","65,0","59,0","19,4","21,4","19,2","1007,4","1008,1","1007,4","3,9","125,0","9,0","2938,10","0,0"
25/09/2025,1700,"25,3","27,9","25,3","80,0","80,0","60,0","21,6","21,6","19,0","1006,9","1007,4","1006,8","5,1","113,0","9,9","1637,60","0,0"
25/09/2025,1800,"26,0","26,0","23,7","83,0","94,0","80,0","22,8","23,1","21,8","1006,4","1007,0","1006,4","2,3","138,0","9,9","817,00","0,2"
25/09/2025,1900,"24,5","26,7","24,5","88,0","88,0","77,0","22,4","23,0","21,7","1007,0","1007,0","1006,4","4,6","104,0","8,1","505,00","0,0"
25/09/2025,2000,"24,4","24,5","24,0","87,0","94,0","86,0","22,1","23,2","21,9","1007,4","1007,4","1006,9","3,5","116,0","8,1","156,50","0,2"
25/09/2025,2100,"23,8","24,4","23,6","89,0","90,0","87,0","21,8","22,5","21,7","1007,7","1007,7","1007,4","3,0","95,0","7,2","2,00","0,0"
25/09/2025,2200,"24,2","24,4","23,7","83,0","90,0","82,0","21,1","22,2","21,1","1008,2","1008,2","1007,7","2,6","103,0","6,2",,"0,0"
25/09/2025,2300,"24,7","24,8","24,2","82,0","83,0","81,0","21,3","21,5","21,1","1008,6","1008,6","1008,2","2,2","115,0","5,9",,"0,0"
26/09/2025,0,"24,6","24,7","24,3","80,0","84,0","80,0","20,9","21,6","20,9","1009,0","1009,1","1008,6","2,9","117,0","6,2",,"0,0"
26/09/2025,100,"24,2","24,7","24,2","81,0","82,0","79,0","20,8","21,0","20,5","1009,5","1009,5","1009,0","2,5","117,0","6,5",,"0,0"
26/09/2025,200,"23,6","24,2","23,5","84,0","85,0","81,0","20,8","20,8","20,5","1009,1","1009,5","1009,1","1,2","132,0","4,6",,"0,0"
26/09/2025,300,"23,5","23,9","23,4","88,0","88,0","84,0","21,4","21,4","20,7","1008,9","1009,1","1008,5","2,1","145,0","8,5",,"0,2"
26/09/2025,400,"21,5","23,5","21,4","100,0","100,0","88,0","21,5","21,8","21,2","1008,7","1008,9","1008,7","2,7","133,0","8,7",,"2,0"
26/09/2025,500,"21,2","21,5","21,0","100,0","100,0","99,0","21,2","21,5","20,9","1008,2","1008,8","1008,1","1,0","220,0","5,3",,"0,2"
26/09/2025,600,"20,8","21,3","20,8","100,0","100,0","100,0","20,8","21,3","20,8","1007,9","1008,2","1007,8","0,7","265,0","2,3",,"0,0"
26/09/2025,700,"21,0","21,0","20,8","100,0","100,0","100,0","21,0","21,0","20,8","1007,8","1007,9","1007,7","1,1","217,0","2,0",,"0,0"
26/09/2025,800,"20,9","21,1","20,8","100,0","100,0","100,0","20,9","21,1","20,8","1008,2","1008,2","1007,8","0,5","284,0","2,0",,"0,0"
26/09/2025,900,"21,5","21,6","20,8","100,0","100,0","100,0","21,5","21,6","20,8","1008,7","1008,7","1008,2","0,4","274,0","1,3","169,50","0,0"
26/09/2025,1000,"23,6","23,6","21,5","96,0","100,0","96,0","23,0","23,5","21,6","1009,0","1009,1","1008,7","0,9","63,0","2,6","533,60","0,0"
26/09/2025,1100,"25,6","26,2","23,7","76,0","96,0","73,0","21,1","23,1","20,5","1009,5","1009,6","1009,0","2,6","143,0","9,7","1452,80","0,2"
26/09/2025,1200,"26,7","27,1","25,3","68,0","77,0","68,0","20,4","21,4","19,8","1009,8","1009,9","1009,5","4,2","135,0","8,6","1784,30","0,0"
26/09/2025,1300,"27,9","28,1","26,3","62,0","71,0","59,0","20,0","20,9","18,8","1009,6","1009,8","1009,6","4,3","119,0","9,4","3099,40","0,0"
26/09/2025,1400,"27,8","28,5","26,8","59,0","66,0","58,0","19,2","20,8","18,4","1008,9","1009,7","1008,9","3,6","122,0","8,8","2597,20","0,0"
26/09/2025,1500,"28,0","28,9","27,2","56,0","61,0","54,0","18,3","20,2","17,9","1008,2","1009,0","1008,2","3,8","159,0","7,7","3284,90","0,0"
26/09/2025,1600,"27,1","29,0","27,1","58,0","59,0","51,0","18,2","19,1","17,5","1007,5","1008,2","1007,5","3,8","154,0","8,5","2668,10","0,0"
26/09/2025,1700,"26,5","27,9","26,5","74,0","75,0","55,0","21,5","21,9","17,6","1007,3","1007,5","1007,2","3,7","122,0","7,8","1560,10","0,0"
26/09/2025,1800,"26,3","26,5","25,8","70,0","77,0","70,0","20,4","21,9","20,4","1007,1","1007,4","1007,0","3,9","131,0","8,0","946,20","0,0"
26/09/2025,1900,"26,1","27,0","26,1","68,0","70,0","66,0","19,7","20,8","19,7","1007,2","1007,2","1007,0","3,7","137,0","8,0","615,60","0,0"
26/09/2025,2000,"24,6","26,1","24,6","79,0","79,0","68,0","20,7","20,8","19,2","1007,4","1007,4","1007,1","2,7","100,0","7,4","208,00","0,0"
26/09/2025,2100,"24,5","24,6","24,2","81,0","82,0","79,0","20,9","21,0","20,7","1008,0","1008,0","1007,4","1,5","120,0","5,0","3,40","0,0"
26/09/2025,2200,"24,3","24,6","24,2","82,0","82,0","80,0","21,0","21,1","20,8","1008,4","1008,4","1008,0","2,1","148,0","4,5",,"0,0"
26/09/2025,2300,"24,1","24,5","24,0","78,0","83,0","78,0","20,1","21,2","20,1","1008,7","1008,7","1008,3","2,1","152,0","4,1",,"0,0"
27/09/2025,0,"24,0","24,2","23,9","78,0","79,0","78,0","20,0","20,1","19,9","1009,1","1009,1","1008,7","2,0","156,0","4,7",,"0,0"
27/09/2025,100,"23,8","24,0","23,6","78,0","79,0","78,0","19,7","20,0","19,7","1009,3","1009,4","1009,0","1,8","151,0","3,7",,"0,0"
27/09/2025,200,"23,3","23,8","23,2","82,0","82,0","78,0","20,0","20,0","19,7","1009,1","1009,4","1009,0","1,3","156,0","3,0",,"0,0"
27/09/2025,300,"23,3","23,8","23,2","83,0","83,0","81,0","20,1","20,3","20,0","1008,4","1009,1","1008,4","1,6","149,0","4,1",,"0,0"
27/09/2025,400,"22,4","23,3","22,4","84,0","84,0","83,0","19,7","20,1","19,6","1007,7","1008,4","1007,7","1,0","154,0","3,0",,"0,0"
27/09/2025,500,"20,6","22,4","20,4","97,0","97,0","84,0","20,1","20,1","19,1","1007,4","1007,7","1007,4","0,7","276,0","2,1",,"0,0"
27/09/2025,600,"20,5","20,7","20,2","98,0","99,0","97,0","20,2","20,2","19,7","1007,6","1007,7","1007,4","1,0","258,0","1,7",,"0,0"
27/09/2025,700,"19,8","20,5","19,8","100,0","100,0","98,0","19,8","20,2","19,8","1007,9","1007,9","1007,6","0,7","268,0","1,7",,"0,0"
27/09/2025,800,"19,7","20,0","19,7","100,0","100,0","100,0","19,7","20,0","19,7","1008,4","1008,4","1007,9","0,6","268,0","1,9",,"0,0"
27/09/2025,900,"21,1","21,1","19,7","100,0","100,0","100,0","21,1","21,1","19,7","1008,9","1008,9","1008,4","0,8","254,0","1,8","180,80","0,0"
27/09/2025,1000,"24,7","24,7","21,0","82,0","100,0","82,0","21,3","21,8","20,3","1009,5","1009,5","1008,9","0,7","249,0","1,8","826,90","0,0"
27/09/2025,1100,"26,4","26,4","24,0","67,0","83,0","65,0","19,7","21,3","19,0","1010,0","1010,1","1009,5","3,2","127,0","6,6","1421,30","0,0"
27/09/2025,1200,"26,1","27,4","25,8","67,0","69,0","62,0","19,5","20,6","18,9","1010,4","1010,4","1009,9","3,0","135,0","7,0","1816,50","0,0"
27/09/2025,1300,"27,5","27,9","25,9","61,0","71,0","60,0","19,4","20,8","18,8","1010,3","1010,4","1010,2","3,5","131,0","7,2","2417,50","0,0"
27/09/2025,1400,"27,8","28,5","27,0","57,0","63,0","53,0","18,5","19,6","17,7","1009,7","1010,3","1009,7","3,7","108,0","7,5","3731,20","0,0"
27/09/2025,1500,"27,6","29,0","27,6","56,0","60,0","52,0","18,1","20,2","17,7","1008,8","1009,8","1008,8","3,8","129,0","8,6","3469,80","0,0"
27/09/2025,1600,"27,7","28,6","27,1","59,0","61,0","55,0","19,1","19,4","18,1","1008,1","1008,8","1008,0","3,1","123,0","9,6","2590,60","0,0"
27/09/2025,1700,"27,7","28,4","26,9","61,0","64,0","57,0","19,5","20,4","18,3","1007,7","1008,1","1007,6","3,1","152,0","9,6","2180,20","0,0"
27/09/2025,1800,"27,1","28,1","26,9","63,0","64,0","60,0","19,4","20,2","19,1","1007,9","1007,9","1007,6","3,3","160,0","8,9","2095,10","0,0"
27/09/2025,1900,"26,2","27,7","26,1","67,0","67,0","61,0","19,5","20,3","19,2","1008,0","1008,1","1007,8","3,6","148,0","6,9","643,30","0,0"
27/09/2025,2000,"25,3","26,2","25,3","70,0","71,0","66,0","19,5","20,0","19,3","1008,4","1008,4","1008,0","3,6","144,0","7,1","204,70","0,0"
27/09/2025,2100,"24,9","25,3","24,9","74,0","74,0","70,0","19,9","20,1","19,5","1008,9","1008,9","1008,4","2,7","149,0","6,5","0,70","0,0"
27/09/2025,2200,"24,5","24,9","24,5","76,0","76,0","73,0","19,9","20,0","19,8","1009,6","1009,6","1008,9","2,2","132,0","5,7",,"0,0"
27/09/2025,2300,"24,6","24,6","24,4","77,0","77,0","76,0","20,3","20,3","19,9","1010,1","1010,1","1009,6","1,8","127,0","4,6",,"0,0"
28/09/2025,0,"24,5","24,7","24,4","78,0","78,0","75,0","20,3","20,4","20,0","1010,6","1010,6","1010,1","1,9","103,0","4,4",,"0,0"
28/09/2025,100,"24,1","24,5","24,1","79,0","80,0","77,0","20,3","20,4","20,2","1010,6","1010,7","1010,5","1,6","128,0","4,0",,"0,0"
28/09/2025,200,"24,1","24,4","24,1","81,0","81,0","79,0","20,5","20,7","20,3","1010,0","1010,6","1010,0","1,7","141,0","4,7",,"0,0"
28/09/2025,300,"23,9","24,1","23,7","82,0","82,0","81,0","20,7","20,7","20,3","1009,4","1010,0","1009,4","1,6","133,0","3,6",,"0,0"
28/09/2025,400,"24,0","24,0","23,7","82,0","83,0","82,0","20,7","20,8","20,6","1008,6","1009,4","1008,6","2,4","127,0","5,1",,"0,0"
28/09/2025,500,"23,5","24,0","23,5","81,0","82,0","80,0","19,9","20,7","19,9","1008,5","1008,6","1008,5","1,9","123,0","5,1",,"0,0"
28/09/2025,600,"23,2","23,5","23,1","82,0","82,0","80,0","19,9","20,0","19,7","1008,5","1008,5","1008,4","1,7","133,0","3,6",,"0,0"
28/09/2025,700,"22,8","23,3","22,8","84,0","84,0","81,0","19,9","20,0","19,8","1008,3","1008,4","1008,3","1,0","133,0","3,4",,"0,0"
28/09/2025,800,"22,6","22,9","22,3","90,0","90,0","83,0","20,8","20,8","19,8","1008,7","1008,7","1008,3","0,8","139,0","2,3",,"0,0"
28/09/2025,900,"23,8","23,8","22,5","88,0","90,0","85,0","21,6","21,6","20,7","1009,4","1009,4","1008,7","1,1","128,0","4,4","139,70","0,0"
28/09/2025,1000,"26,2","26,2","23,8","76,0","88,0","75,0","21,7","22,5","21,2","1010,0","1010,0","1009,4","3,5","106,0","6,8","836,70","0,0"
28/09/2025,1100,"25,9","27,2","25,5","72,0","76,0","69,0","20,4","21,6","20,4","1010,5","1010,5","1010,0","4,6","111,0","8,3","1569,00","0,0"
28/09/2025,1200,"27,8","27,9","25,7","61,0","74,0","60,0","19,5","21,2","19,5","1010,5","1010,6","1010,4","4,5","113,0","8,5","2154,30","0,0"
28/09/2025,1300,"27,8","28,1","27,0","65,0","67,0","59,0","20,6","20,7","18,9","1010,2","1010,5","1010,2","4,5","111,0","8,9","2492,50","0,0"
28/09/2025,1400,"27,5","28,5","27,3","61,0","65,0","58,0","19,2","20,7","18,9","1009,7","1010,3","1009,7","4,0","128,0","9,5","3385,50","0,0"
28/09/2025,1500,"28,6","28,8","27,4","61,0","63,0","57,0","20,3","20,7","18,8","1009,0","1009,8","1009,0","4,0","117,0","9,1","3199,30","0,0"
28/09/2025,1600,"27,0","29,2","26,8","68,0","68,0","58,0","20,5","20,6","18,9","1008,7","1009,1","1008,7","4,4","110,0","10,4","2023,60","0,0"
28/09/2025,1700,"26,7","27,2","26,4","68,0","72,0","67,0","20,2","21,0","19,9","1008,3","1008,7","1008,3","3,2","133,0","8,6","1117,30","0,0"
28/09/2025,1800,"26,0","28,2","25,9","73,0","75,0","64,0","20,8","21,4","20,1","1008,1","1008,3","1008,0","4,4","103,0","8,1","1065,80","0,0"
28/09/2025,1900,"25,9","26,1","25,7","75,0","76,0","73,0","21,2","21,3","20,6","1008,4","1008,5","1008,1","3,7","114,0","7,5","403,20","0,0"
28/09/2025,2000,"23,3","26,0","23,3","95,0","95,0","74,0","22,4","22,4","21,0","1009,0","1009,1","1008,4","3,4","136,0","9,3","232,30","0,2"
28/09/2025,2100,"23,0","23,5","23,0","96,0","96,0","91,0","22,3","22,4","21,9","1009,3","1009,4","1009,0","1,5","148,0","6,7","3,00","0,0"
28/09/2025,2200,"23,1","23,3","23,0","97,0","97,0","94,0","22,5","22,7","22,0","1009,7","1009,7","1009,3","1,9","195,0","4,2",,"0,0"
28/09/2025,2300,"23,2","23,3","22,9","96,0","99,0","96,0","22,4","23,0","22,3","1010,4","1010,4","1009,7","1,8","151,0","5,8",,"0,4"
29/09/2025,0,"22,2","23,2","22,0","100,0","100,0","94,0","22,2","22,4","22,0","1010,7","1010,8","1010,4","0,8","133,0","8,6",,"1,0"
29/09/2025,100,"22,5","22,6","22,2","100,0","100,0","100,0","22,5","22,5","22,2","1010,5","1010,8","1010,5","0,5","13,0","2,8",,"0,2"
29/09/2025,200,"22,5","22,5","22,3","100,0","100,0","100,0","22,5","22,5","22,3","1010,1","1010,5","1010,1","0,3","342,0","2,0",,"0,2"
29/09/2025,300,"22,2","22,7","22,0","100,0","100,0","100,0","22,2","22,7","22,0","1009,5","1010,1","1009,5","2,2","151,0","5,0",,"1,4"
29/09/2025,400,"22,7","22,7","22,1","98,0","100,0","97,0","22,4","22,4","21,9","1008,9","1009,5","1008,9","1,8","151,0","5,8",,"0,2"
29/09/2025,500,"22,6","22,7","22,6","100,0","100,0","98,0","22,6","22,7","22,4","1008,7","1008,9","1008,7","1,2","86,0","3,6",,"0,0"
29/09/2025,600,"22,5","22,7","22,5","100,0","100,0","100,0","22,5","22,7","22,5","1008,5","1008,8","1008,5","2,0","114,0","5,5",,"0,6"
29/09/2025,700,"22,4","22,6","22,3","100,0","100,0","100,0","22,4","22,6","22,3","1008,8","1008,8","1008,5","2,5","105,0","4,8",,"0,6"
29/09/2025,800,"22,7","22,7","22,3","98,0","100,0","98,0","22,4","22,5","22,3","1009,2","1009,2","1008,8","2,2","110,0","6,6","0,20","0,2"
29/09/2025,900,"22,3","22,9","21,9","100,0","100,0","96,0","22,3","22,4","21,9","1009,7","1009,7","1009,2","1,9","92,0","9,0","136,30","0,4"
29/09/2025,1000,"23,1","23,1","22,3","100,0","100,0","99,0","23,1","23,1","22,2","1010,3","1010,3","1009,7","2,5","85,0","5,6","463,90","1,6"
29/09/2025,1100,"25,1","25,6","23,1","85,0","100,0","85,0","22,4","23,9","22,4","1010,7","1010,8","1010,3","3,7","117,0","7,1","1624,50","0,0"
29/09/2025,1200,"26,9","27,0","24,7","79,0","93,0","75,0","22,9","24,3","21,7","1011,0","1011,0","1010,7","4,9","107,0","9,7","2380,70","0,0"
29/09/2025,1300,"24,4","27,3","24,0","95,0","96,0","77,0","23,5","23,9","22,3","1010,6","1011,0","1010,6","3,4","105,0","9,2","1775,60","4,2"
29/09/2025,1400,"26,8","27,6","24,4","80,0","96,0","76,0","23,0","24,2","22,0","1010,0","1010,6","1010,0","3,8","129,0","9,4","2995,50","0,0"
29/09/2025,1500,"26,9","27,5","26,2","76,0","81,0","72,0","22,3","23,2","21,3","1009,3","1010,1","1009,2","4,6","115,0","10,6","3402,40","0,0"
29/09/2025,1600,"26,7","27,7","26,1","74,0","76,0","67,0","21,7","22,6","20,6","1008,7","1009,3","1008,7","4,5","116,0","9,3","2695,20","0,0"
29/09/2025,1700,"26,9","27,6","26,6","63,0","76,0","63,0","19,4","22,5","19,4","1008,2","1008,7","1008,2","4,5","121,0","9,5","2667,50","0,0"
29/09/2025,1800,"26,1","27,9","26,0","68,0","72,0","60,0","19,8","20,7","18,9","1008,1","1008,2","1008,0","3,6","144,0","9,3","1152,00","0,0"
29/09/2025,1900,"25,7","26,5","25,5","76,0","78,0","68,0","21,2","21,8","20,1","1008,2","1008,3","1008,0","3,7","129,0","7,7","429,60","0,0"
29/09/2025,2000,"24,1","25,7","24,0","92,0","92,0","76,0","22,7","22,7","21,0","1008,6","1008,6","1008,2","1,8","158,0","7,6","129,50","0,0"
29/09/2025,2100,"23,5","24,3","23,5","95,0","95,0","89,0","22,7","22,9","22,2","1008,8","1008,9","1008,6","2,7","196,0","6,3",,"0,0"
29/09/2025,2200,"23,0","23,6","22,6","96,0","98,0","95,0","22,3","22,9","22,1","1009,4","1009,4","1008,8","1,5","152,0","4,8",,"2,0"
29/09/2025,2300,"23,0","23,3","23,0","96,0","96,0","93,0","22,2","22,3","22,0","1009,9","1009,9","1009,4","2,8","166,0","5,7","4,10","0,0"
30/09/2025,0,"23,1","23,1","22,7","96,0","97,0","96,0","22,4","22,4","22,1","1010,4","1010,4","1009,9","1,5","152,0","5,3","0,30","0,0"
30/09/2025,100,"22,7","23,2","22,7","99,0","99,0","96,0","22,6","22,6","22,5","1010,4","1010,5","1010,3","0,9","268,0","3,5",,"0,0"
30/09/2025,200,"22,7","22,9","22,4","97,0","100,0","96,0","22,2","22,7","21,9","1009,9","1010,5","1009,9","0,7","32,0","5,9",,"1,2"
30/09/2025,300,"23,2","23,3","22,6","92,0","98,0","92,0","21,9","22,7","21,9","1009,4","1009,9","1009,4","1,6","125,0","3,7",,"0,2"
30/09/2025,400,"23,4","23,7","23,2","92,0","93,0","89,0","22,0","22,1","21,8","1009,0","1009,4","1009,0","1,5","122,0","3,9","5,00","0,0"
30/09/2025,500,"22,9","23,4","22,7","95,0","97,0","92,0","22,1","22,3","21,8","1008,8","1009,0","1008,7","3,2","117,0","7,1",,"0,4"
30/09/2025,600,"22,8","22,9","22,6","99,0","99,0","95,0","22,6","22,6","21,9","1008,6","1008,8","1008,5","1,0","170,0","6,2",,"0,2"
30/09/2025,700,"23,6","23,6","22,8","91,0","99,0","91,0","22,0","22,7","22,0","1008,6","1008,7","1008,6","2,4","138,0","5,0","3,50","0,0"
30/09/2025,800,"23,3","23,6","23,1","93,0","94,0","90,0","22,2","22,2","21,8","1009,0","1009,0","1008,6","1,8","130,0","8,0","0,70","0,0"
30/09/2025,900,"23,4","23,4","22,8","94,0","97,0","93,0","22,4","22,4","22,1","1009,6","1009,6","1009,0","1,7","135,0","3,5","75,70","0,4"
30/09/2025,1000,"24,5","24,6","23,4","87,0","94,0","86,0","22,2","22,4","22,0","1010,2","1010,2","1009,6","2,0","130,0","4,9","407,20","0,0"
30/09/2025,1100,"25,2","25,2","24,3","84,0","89,0","83,0","22,2","22,4","21,7","1010,5","1010,5","1010,2","2,5","134,0","7,1","600,30","0,0"
30/09/2025,1200,"25,2","25,5","25,0","79,0","85,0","78,0","21,3","22,5","21,3","1010,6","1010,7","1010,5","3,9","133,0","7,8","809,10","0,0"
30/09/2025,1300,"25,5","25,7","25,0","79,0","82,0","76,0","21,6","22,0","21,1","1010,2","1010,6","1010,2","4,0","131,0","8,0","916,60","0,0"
30/09/2025,1400,"27,4","27,4","25,5","68,0","79,0","66,0","20,9","22,0","20,1","1009,5","1010,2","1009,5","3,6","125,0","8,4","2200,30","0,0"
30/09/2025,1500,"26,6","27,7","26,4","68,0","72,0","67,0","20,1","21,7","20,1","1008,4","1009,5","1008,4","3,8","133,0","8,0","2118,50","0,0"
30/09/2025,1600,"26,7","28,0","26,3","69,0","71,0","64,0","20,4","21,4","19,2","1007,9","1008,4","1007,9","3,2","126,0","7,5","1864,50","0,0"
30/09/2025,1700,"27,0","27,7","26,4","67,0","70,0","64,0","20,3","21,3","19,3","1007,6","1007,9","1007,5","3,0","144,0","6,9","1817,70","0,0"
30/09/2025,1800,"25,9","27,5","25,9","70,0","70,0","63,0","19,9","20,4","19,3","1007,5","1007,7","1007,5","3,7","159,0","8,1","1218,10","0,0"
30/09/2025,1900,"25,2","25,9","25,2","72,0","74,0","70,0","19,8","20,3","19,8","1007,8","1007,8","1007,5","3,5","155,0","8,1","203,50","0,0"
30/09/2025,2000,"24,9","25,3","24,9","73,0","73,0","71,0","19,8","20,0","19,5","1008,1","1008,1","1007,8","3,3","139,0","6,7","69,20","0,0"
30/09/2025,2100,"24,9","25,0","24,8","73,0","74,0","71,0","19,7","19,9","19,3","1008,6","1008,6","1008,1","2,8","155,0","8,5",,"0,0"
30/09/2025,2200,"24,9","24,9","24,8","72,0","73,0","71,0","19,4","19,7","19,3","1009,0","1009,0","1008,6","2,4","145,0","6,7",,"0,0"
30/09/2025,2300,"24,7","24,9","24,7","75,0","75,0","71,0","20,0","20,0","19,3","1009,6","1009,6","1009,0","2,0","134,0","5,1",,"0,0"